response,term,coefficient,std_coefficient,p_value,rank
P_mean_W,x3,3077.734503711275,0.9961563162114593,2.661702990724947e-44,1
P_mean_W,x3^2,-403.2187246257789,-0.07534881106170176,3.0263024798364347e-25,2
P_mean_W,x1,92.98840876050478,0.030097134957395154,1.6873489717792134e-18,3
P_mean_W,x2,92.98840876049806,0.03009713495739298,1.6873489717812523e-18,4
P_mean_W,x1x3,35.29698813952809,0.009327996170798512,3.677651203224999e-10,5
P_mean_W,x2x3,35.296988139521105,0.009327996170796667,3.6776512032362174e-10,6
P_mean_W,x1x2,2.469668040855981,0.0006526634492774049,0.38258432455348224,7
P_mean_W,x1^2,0.43465603768750166,8.122344935974638e-05,0.9124868156845909,8
P_mean_W,x2^2,0.4346560376791262,8.122344935818127e-05,0.9124868156862698,9
E_engine_J,x3,96010.33288223055,0.8341510982854513,1.0609614230462164e-33,1
E_engine_J,x1,43629.08854535038,0.3790555769860562,7.026762251787775e-28,2
E_engine_J,x2,43629.088545350336,0.3790555769860558,7.026762251787775e-28,3
E_engine_J,x1x3,12169.460342445765,0.08632815130908264,5.2579793549395324e-17,4
E_engine_J,x2x3,12169.460342445704,0.08632815130908221,5.2579793549399435e-17,5
E_engine_J,x3^2,7149.425913071025,0.0358622301374988,9.276035366691228e-11,6
E_engine_J,x1x2,2880.7622987675345,0.02043565422092691,3.816386798240924e-07,7
E_engine_J,x2^2,1445.9349289582926,0.007252953148496403,0.011550684721058368,8
E_engine_J,x1^2,1445.9349289573313,0.007252953148491581,0.011550684721104236,9
M_peak_Nm,x1x2,-0.035898860543069434,-0.5614207892351974,0.0008420828271951484,1
M_peak_Nm,x1x3,0.019003238440695364,0.2971908568128504,0.04706322522520782,2
M_peak_Nm,x2x3,0.019003238438762636,0.2971908567826246,0.04706322524517953,3
M_peak_Nm,x2^2,-0.024915358927375706,-0.2755243436736023,0.06353788999700652,4
M_peak_Nm,x1^2,-0.024915358924781562,-0.27552434364491524,0.06353789002190206,5
M_peak_Nm,x3,0.004832359883296179,0.09255773668042509,0.5138593310245746,6
M_peak_Nm,x1,0.004557596220110911,0.08729498651267391,0.5377928581422253,7
M_peak_Nm,x2,0.004557596217401384,0.08729498646077634,0.5377928583812202,8
M_peak_Nm,x3^2,0.00636629071763694,0.07040107576716406,0.6185529602110005,9
M_mean_Nm,x3,-1437.5744948236215,-0.9978450519402061,1.9435741502806283e-49,1
M_mean_Nm,x2,-60.73546066595808,-0.04215752235522999,4.419592999725995e-26,2
M_mean_Nm,x1,-60.73546066595695,-0.0421575223552292,4.4195929997274705e-26,3
M_mean_Nm,x3^2,62.450323059552396,0.025026885754348013,3.070644961370192e-22,4
M_mean_Nm,x2x3,-13.404584181864045,-0.007596970955720511,1.4725638418223453e-13,5
M_mean_Nm,x1x3,-13.404584181863585,-0.00759697095572025,1.4725638418231943e-13,6
M_mean_Nm,x1x2,-3.9979859953070904,-0.002265835558615717,9.16040729634881e-06,7
M_mean_Nm,x2^2,-2.2197999254591876,-0.0008895819334513383,0.02564035583217179,8
M_mean_Nm,x1^2,-2.2197999254583216,-0.0008895819334509914,0.02564035583222161,9
F_kch_peak_N,x1,3610.9565958569824,0.7024458265800969,3.156713638041689e-15,1
F_kch_peak_N,x2,3610.956595856978,0.702445826580096,3.1567136380417227e-15,2
F_kch_peak_N,x1^2,-170.35137190487228,-0.019132669807544567,0.48256654105178587,3
F_kch_peak_N,x2^2,-170.35137190478494,-0.019132669807534756,0.4825665410520069,4
F_kch_peak_N,x1x2,114.91424496381302,0.018252350787226423,0.5026563717181627,5
F_kch_peak_N,x3^2,-0.053927542802869544,-6.056762903886067e-06,0.9998213149126545,6
F_kch_peak_N,x2x3,-0.034123734698457565,-5.420027569973e-06,0.9998400997171455,7
F_kch_peak_N,x1x3,-0.034123734695387875,-5.420027569485427e-06,0.9998400997171599,8
F_kch_peak_N,x3,-0.014840546080293882,-2.886957896484486e-06,0.9999148296976923,9
a_peak_m_s2,x2,-0.1799382245320405,-0.6854187532680668,1.3213798163979183e-13,1
a_peak_m_s2,x1,-0.17993822453204034,-0.6854187532680662,1.321379816397951e-13,2
a_peak_m_s2,x1x2,0.06289620584253922,0.19561915114493328,1.4332897012579615e-05,3
a_peak_m_s2,x1^2,0.02050298200212502,0.04509090530351915,0.18453867743517163,4
a_peak_m_s2,x2^2,0.020502982002120643,0.04509090530350953,0.18453867743526042,5
a_peak_m_s2,x3,-2.938526569417529e-05,-0.00011193403863427639,0.9973005488434514,6
a_peak_m_s2,x3^2,-7.967593194623046e-06,-1.7522621353248787e-05,0.9995774157973624,7
a_peak_m_s2,x2x3,-4.619279759386021e-06,-1.4366837765926272e-05,0.9996535222293066,8
a_peak_m_s2,x1x3,-4.619279759246071e-06,-1.4366837765491e-05,0.999653522229317,9
a_rms_m_s2,x1,-0.10503946850015876,-0.620770310302683,1.1152810198940478e-30,1
a_rms_m_s2,x2,-0.10503946850015866,-0.6207703103026826,1.1152810198940478e-30,2
a_rms_m_s2,x3,-0.07952112177116194,-0.46996002685816174,1.2624879994900166e-28,3
a_rms_m_s2,x1x2,0.014944610833745027,0.07211363756082774,7.065224587986738e-15,4
a_rms_m_s2,x1x3,0.0056280960311746895,0.027157781615378337,3.493563854349762e-08,5
a_rms_m_s2,x2x3,0.0056280960311746436,0.027157781615378115,3.4935638543501437e-08,6
a_rms_m_s2,x1^2,0.007888704181989814,0.026916802352093136,3.9721829834921976e-08,7
a_rms_m_s2,x2^2,0.007888704181987064,0.026916802352083755,3.972182983512081e-08,8
a_rms_m_s2,x3^2,0.003722097413983185,0.012700052900469092,0.00037322861450025805,9
j_peak_m_s3,x1,-2.463357083866914,-0.6992093405209933,6.403294149794311e-28,1
j_peak_m_s3,x2,-2.463357083866913,-0.6992093405209932,6.403294149794266e-28,2
j_peak_m_s3,x1x2,0.568601167572494,0.13177771355256643,1.1355906020530626e-15,3
j_peak_m_s3,x1^2,0.28850725055559323,0.04727983529464556,1.4265148426125221e-08,4
j_peak_m_s3,x2^2,0.28850725055553267,0.047279835294635635,1.4265148426169083e-08,5
j_peak_m_s3,x3,-0.0028037106021666976,-0.0007958166739169374,0.8675874955931533,6
j_peak_m_s3,x2x3,-0.0005265335387273898,-0.00012202821555654087,0.9795960240302991,7
j_peak_m_s3,x1x3,-0.0005265335387271051,-0.00012202821555647488,0.9795960240303101,8
j_peak_m_s3,x3^2,-0.0005099875621843212,-8.357546611379281e-05,0.9860247122702777,9
j_rms_m_s3,x1,-0.583757800911022,-0.576997707328835,1.3770422479415714e-17,1
j_rms_m_s3,x2,-0.5837578009110218,-0.5769977073288347,1.3770422479415714e-17,2
j_rms_m_s3,x3,-0.5768868388516204,-0.5702063131080964,1.6799861793788326e-17,3
j_rms_m_s3,x1x3,0.049667577438240317,0.040083786323570715,0.021378084687312875,4
j_rms_m_s3,x2x3,0.04966757743824004,0.04008378632357049,0.021378084687313406,5
j_rms_m_s3,x3^2,0.04608513958783754,0.026299147461771675,0.11465110414764472,6
j_rms_m_s3,x1x2,-0.022853082446373057,-0.018443381394118122,0.25963394455220135,7
j_rms_m_s3,x1^2,0.02811754115882041,0.01604567910202028,0.3245242741340595,8
j_rms_m_s3,x2^2,0.02811754115880664,0.01604567910201242,0.3245242741342892,9
t_manoeuvre_s,x3,1.0401986271444128,0.7922677485407136,1.1837898625966147e-33,1
t_manoeuvre_s,x1,0.5547033153639346,0.4224900276766476,5.173545578008656e-29,2
t_manoeuvre_s,x2,0.5547033153639341,0.4224900276766473,5.173545578008656e-29,3
t_manoeuvre_s,x1x3,0.13184684222043794,0.08199357152495643,5.857733232141903e-17,4
t_manoeuvre_s,x2x3,0.1318468422204374,0.08199357152495611,5.857733232142278e-17,5
t_manoeuvre_s,x3^2,0.07745852703351992,0.03406154220315723,1.0264183552909597e-10,6
t_manoeuvre_s,x1x2,0.035405852785347434,0.02201836823595501,7.227878707351799e-08,7
t_manoeuvre_s,x2^2,0.017851483425422567,0.007849995079571563,0.005200209329325414,8
t_manoeuvre_s,x1^2,0.017851483425409924,0.007849995079566003,0.005200209329350834,9
distance_m,x3,4.706700095215913,0.8954424304347255,7.466499760922238e-32,1
distance_m,x1,1.5586255073642585,0.29652609773680194,1.0596958682157652e-23,2
distance_m,x2,1.5586255073642568,0.2965260977368016,1.0596958682157728e-23,3
distance_m,x1x3,0.5978555847549322,0.09286922128402285,3.310022513196368e-15,4
distance_m,x2x3,0.5978555847549293,0.0928692212840224,3.3100225131965926e-15,5
distance_m,x3^2,0.6089158022737399,0.06688331040173605,7.347484119962375e-13,6
distance_m,x1x2,0.11393106798434997,0.017697734759976852,0.00010764166220762865,7
distance_m,x2^2,0.0572804572074894,0.006291685295497696,0.09286011749240607,8
distance_m,x1^2,0.057280457207454616,0.006291685295493875,0.09286011749258864,9
