P_peak_W,P_mean_W,E_engine_J,M_peak_Nm,M_mean_Nm,F_kch_peak_N,F_chv1_peak_N,F_v1v2_peak_N,a_peak_m_s2,a_rms_m_s2,j_peak_m_s3,j_rms_m_s3,u1_peak_m,u2_peak_m,du1_peak_m_s,du2_peak_m_s,t_manoeuvre_s,distance_m,v_end_m_s,v_mean_m_s,settling_time_s,run_id,configuration,scenario,scale,wall_time_s
92300.00000000001,73927.788879809,225417.394409322,35499.9340208653,19651.374618720354,35960.81804806086,0.0,0.0,2.9689297317671617,1.4285135921216745,29.79678186161027,8.191305158659468,0.0,0.0,0.0,0.0,3.049156451517888,6.817554699874981,4.0,2.235882233786249,0.0,1,rigid,start_off,rig_scale,0.11373090744018555
92300.00000000001,73929.3934118582,225427.81658943312,35499.9521157464,19651.449481922198,35873.82368753584,261.73048798638274,134.94283149666083,2.959005683026703,1.4278213338300003,29.861006744860788,8.109655221089225,0.0013086533833356205,0.00089961766193416,0.02407834507599362,0.018690883655865822,3.049231248707564,6.817844931827476,4.0,2.2359225699443592,3.049231248707564,1,compliant,start_off,rig_scale,0.6093533039093018
92300.00000000001,77309.28438070492,288901.9842800936,35499.94219778512,18183.053002043383,35960.74538135325,0.0,0.0,2.968906381239094,1.327575013190635,29.794568333574375,7.399086192511828,0.0,0.0,0.0,0.0,3.7369636337262304,9.7448092283704,4.5,2.6076810568430435,0.0,2,rigid,start_off,rig_scale,0.11772942543029785
92300.00000000001,77310.71018809445,288916.60070550034,35499.97877608552,18183.073989004413,35873.765170293416,261.7294234204461,134.94493101429728,2.9589905368334257,1.3269583434066847,29.859313053747144,7.325288822054005,0.0013086484349836582,0.0008996325551788866,0.024078243381848836,0.018690988359533613,3.737083775360175,9.745279190341403,4.5,2.6077229801536403,3.737083775360175,2,compliant,start_off,rig_scale,0.6325163841247559
92300.00000000001,79911.19001143787,361342.6904744859,35499.97003319494,16839.967103209627,35960.73443006186,0.0,0.0,2.9688823455491047,1.2357443574660187,29.79002805849177,6.725863627614683,0.0,0.0,0.0,0.0,4.5218033972809835,13.476973661510604,5.0,2.9804422133843236,0.0,3,rigid,start_off,rig_scale,0.1232917308807373
92300.00000000001,79912.3977879453,361360.5676539505,35499.993961283195,16839.97426670107,35873.83934998538,261.73074639300035,134.94505305386724,2.958964246489586,1.235193199107245,29.856962723934828,6.658772466916799,0.001308654560413489,0.0008996336497484202,0.024076591337357407,0.018687541943403326,4.521958765557919,13.477605587736488,5.0,2.9804795555079786,4.521958765557919,3,compliant,start_off,rig_scale,0.6521556377410889
92300.00000000001,73928.14173451348,225693.69183473542,35499.9999916201,19650.99576041793,36008.93227102677,0.0,0.0,2.9658995263434917,1.426804427002459,29.749523710207882,8.176848162208323,0.0,0.0,0.0,0.0,3.0528792762738948,6.826034982736174,3.9999999999999996,2.2359334920268066,0.0,4,rigid,start_off,rig_scale,0.1091310977935791
92300.00000000001,73931.19162575195,225714.24197125796,35499.97811061095,19651.024521095205,35904.82010843142,398.37120770724624,276.208397910224,2.9544325128894116,1.4254310005313935,29.86766186796649,8.00893528961583,0.0019918525044918464,0.0018413881476436625,0.041707742950951664,0.03908765745054874,3.053031298532952,6.826666822099844,3.9999999999999996,2.236029110988688,3.053031298532952,4,compliant,start_off,rig_scale,0.6560897827148438
92300.00000000001,77310.0979952194,289267.9040728229,35499.946499736034,18182.518317290473,36008.86673983241,0.0,0.0,2.965877180981238,1.325954572599329,29.747418059253505,7.385896162508571,0.0,0.0,0.0,0.0,3.7416574493374752,9.75741853404124,4.5,2.607779764884375,0.0,5,rigid,start_off,rig_scale,0.11746811866760254
92300.00000000001,77312.68262002917,289293.7465694085,35499.99606167247,18182.51037526599,35904.86392902181,398.35082412415926,276.20212508367086,2.954405903613406,1.3247394593196298,29.865143994616687,7.234193470686925,0.001991763287338475,0.0018413404065431296,0.041706112685810204,0.03908518787971056,3.74186662221008,9.758282494823286,4.5,2.6078648785595475,3.74186662221008,5,compliant,start_off,rig_scale,0.6767587661743164
92300.00000000001,79912.24570502508,361812.51859592146,35499.97675141579,16839.327369704384,36008.85220877986,0.0,0.0,2.9658526802734286,1.2342099300168612,29.74250259722004,6.713769202306022,0.0,0.0,0.0,0.0,4.527622961960757,13.494937354874704,5.0,2.9805788892218565,0.0,6,rigid,start_off,rig_scale,0.12361693382263184
92300.00000000001,79914.42946743785,361843.95718818135,35499.80511655221,16839.301759305003,35904.678158924966,398.3398808094686,276.20840253629007,2.954406596739773,1.2331250338842374,29.863457181218678,6.57586054327407,0.001991710604555442,0.0018413882014988805,0.04170763976634058,0.03908730187587124,4.527892642161943,13.496082891520343,5.0,2.9806543622033175,4.527892642161943,6,compliant,start_off,rig_scale,0.6956331729888916
92300.00000000001,73928.4905126516,225970.09379963425,35499.99996411836,19650.616980778446,36056.94366415248,0.0,0.0,2.9628739053318895,1.4250986298648025,29.702437496797984,8.162449103119354,0.0,0.0,0.0,0.0,3.0566036481018553,6.834518537995244,4.0,2.235984564289386,0.0,7,rigid,start_off,rig_scale,0.11129450798034668
92300.00000000001,73934.21194933874,226009.4664250535,35499.975016355675,19650.431657963243,35725.89025081026,705.2474638852071,542.5049709794395,2.907052899365681,1.421910251291228,29.87475904656401,7.763353371325872,0.003526229909605945,0.00361669252360346,0.06689971416709929,0.07091663792959216,3.056899647215012,6.8358690763380725,4.0,2.236209854259458,3.056899647215012,7,compliant,start_off,rig_scale,0.6526849269866943
92300.00000000001,77310.9076711396,289633.97652868036,35499.95076067675,18181.984169512525,36057.020440660475,0.0,0.0,2.962864123097006,1.3243373742177975,29.700440838100803,7.372759028822228,0.0,0.0,0.0,0.0,3.746353331676141,9.770033042832305,4.499999999999999,2.6078781757630383,0.0,8,rigid,start_off,rig_scale,0.11849117279052734
92300.00000000001,77315.34390286347,289674.10763027426,35499.98088801699,18181.918039946147,35725.57464741392,705.2323016191233,542.4961785653362,2.907016487541,1.3215457177255774,29.871437713631508,7.01238508305578,0.003526172718937268,0.0036166542664216213,0.06690126832748533,0.0709178474561386,3.7466574292705928,9.77144133179215,4.5,2.608042385986973,3.7466574292705928,8,compliant,start_off,rig_scale,0.6764285564422607
92300.00000000001,79913.30039076482,362282.64765748504,35499.982722412744,16838.68708735789,36056.88565695254,0.0,0.0,2.962828681406677,1.2326784475283934,29.695105043467777,6.701722642214588,0.0,0.0,0.0,0.0,4.533446195889467,13.512913706934603,5.000000000000001,2.980715594088603,0.0,9,rigid,start_off,rig_scale,0.12518906593322754
92300.00000000001,79917.00781775701,362330.0796731063,35499.983784561235,16838.609800624487,35725.88918811593,705.234979704234,542.5059794894396,2.907021658093413,1.230193101353871,29.870383759155345,6.374146920037963,0.00352618536332255,0.0036167080616631457,0.06690090130626879,0.0709168368231823,4.533829400862516,13.51469938041587,5.0,2.9808575156926422,4.533829400862516,9,compliant,start_off,rig_scale,0.6966171264648438
92300.00000000001,73928.14173451348,225693.69183473542,35499.9999916201,19650.99576041793,36008.93227102677,0.0,0.0,2.9658995263434917,1.426804427002459,29.749523710207882,8.176848162208323,0.0,0.0,0.0,0.0,3.0528792762738948,6.826034982736174,3.9999999999999996,2.2359334920268066,0.0,10,rigid,start_off,rig_scale,0.1097872257232666
92300.00000000001,73930.67587891151,225710.74431207916,35499.968226189594,19651.019932533745,35898.06582247582,341.4718457885519,139.3008101481314,2.9531941906544716,1.4257915290174605,29.85760015099777,8.055821806411783,0.0017073597743191581,0.000928670818432146,0.03497492590109701,0.019631542516808105,3.0530052867603015,6.8265417088009395,4.0,2.2360071817063454,3.0530052867603015,10,compliant,start_off,rig_scale,0.6686842441558838
92300.00000000001,77310.0979952194,289267.9040728229,35499.946499736034,18182.518317290473,36008.86673983241,0.0,0.0,2.965877180981238,1.325954572599329,29.747418059253505,7.385896162508571,0.0,0.0,0.0,0.0,3.7416574493374752,9.75741853404124,4.5,2.607779764884375,0.0,11,rigid,start_off,rig_scale,0.11685848236083984
92300.00000000001,77312.32850983225,289291.2602380244,35499.99168596548,18182.480655237858,35897.98590489934,341.4720324815953,139.30279257375773,2.953174219943776,1.3250525359612004,29.85441347324513,7.276522323746837,0.0017073603821277216,0.0009286849877184355,0.03497648237240358,0.019631554666550106,3.741851601342386,9.758199415340664,4.5,2.607853144507212,3.741851601342386,11,compliant,start_off,rig_scale,0.6895720958709717
92300.00000000001,79912.24570502508,361812.51859592146,35499.97675141579,16839.327369704384,36008.85220877986,0.0,0.0,2.9658526802734286,1.2342099300168612,29.74250259722004,6.713769202306022,0.0,0.0,0.0,0.0,4.527622961960757,13.494937354874704,5.0,2.9805788892218565,0.0,12,rigid,start_off,rig_scale,0.12359356880187988
92300.00000000001,79914.13132726372,361840.9679688496,35499.999867137296,16839.281325963708,35898.15847857799,341.47119479643965,139.30268534588606,2.953157996853747,1.2334035693318208,29.853254377850874,6.614337711497123,0.0017073543561306798,0.0009286841548178879,0.03497746924276828,0.019630237403331918,4.527872129236334,13.495973026401318,5.0,2.9806436014809177,4.527872129236334,12,compliant,start_off,rig_scale,0.7087726593017578
92300.00000000001,73928.4905126516,225970.09379963425,35499.99996411836,19650.616980778446,36056.94366415248,0.0,0.0,2.9628739053318895,1.4250986298648025,29.702437496797984,8.162449103119354,0.0,0.0,0.0,0.0,3.0566036481018553,6.834518537995244,4.0,2.235984564289386,0.0,13,rigid,start_off,rig_scale,0.11107683181762695
92300.00000000001,73932.90438563525,225997.8536015662,35499.99269182464,19650.53573403292,35970.297877427576,522.5059961655846,318.31429462750805,2.9527063527804103,1.4232050511179029,29.86446451917311,7.925875920701544,0.0026125377373556525,0.0021221008874163613,0.0562623021227511,0.03861917351716258,3.0567966385137213,6.835405001704203,4.0,2.236133393306849,3.0567966385137213,13,compliant,start_off,rig_scale,0.7179338932037354
92300.00000000001,77310.9076711396,289633.97652868036,35499.95076067675,18181.984169512525,36057.020440660475,0.0,0.0,2.962864123097006,1.3243373742177975,29.700440838100803,7.372759028822228,0.0,0.0,0.0,0.0,3.746353331676141,9.770033042832305,4.499999999999999,2.6078781757630383,0.0,14,rigid,start_off,rig_scale,0.11826586723327637
92300.00000000001,77314.65083647397,289668.91809694236,35499.867479921304,18181.867260097206,35970.45785817693,522.512615519299,318.30604849237767,2.952669873575246,1.322662157089164,29.860485498689513,7.159037912591537,0.0026125628868865183,0.0021220512173234373,0.05626230300641059,0.03861954150578165,3.7466238929231266,9.77123885449347,4.5,2.6080116882044813,3.7466238929231266,14,compliant,start_off,rig_scale,0.7406821250915527
92300.00000000001,79913.30039076482,362282.64765748504,35499.982722412744,16838.68708735789,36056.88565695254,0.0,0.0,2.962828681406677,1.2326784475283934,29.695105043467777,6.701722642214588,0.0,0.0,0.0,0.0,4.533446195889467,13.512913706934603,5.000000000000001,2.980715594088603,0.0,15,rigid,start_off,rig_scale,0.12467050552368164
92300.00000000001,79916.46026100201,362325.15898352215,35499.87596741297,16838.557512994383,35970.04203476136,522.5078530036823,318.28908032504,2.9526651327010995,1.2311827030348472,29.859950246503047,6.507438041288545,0.002612530154102452,0.0021219445974448494,0.05626189491906202,0.03861910431401369,4.53379889199536,13.514503435386091,5.0,2.9808343557635766,4.53379889199536,15,compliant,start_off,rig_scale,0.759373664855957
92300.00000000001,73928.8355927603,226246.60551903903,35499.999922217,19650.238238396592,36104.94190993805,0.0,0.0,2.9598605805216494,1.4233961793426733,29.655478350466865,8.148108967203505,0.0,0.0,0.0,0.0,3.0603296224672976,6.843005561374044,4.0,2.236035474613095,0.0,16,rigid,start_off,rig_scale,0.10924077033996582
92300.00000000001,73936.4236257933,226307.4075359775,35499.95719985717,19649.77260304505,35443.65975313419,883.0260552258195,618.3932662096008,2.8614867372186836,1.4190766825894887,29.871594887942024,7.622519021410069,0.0044151347958825,0.004122650034130642,0.08933555564232357,0.06878883196214142,3.060837898805649,6.845128725073732,4.0,2.236357817590039,3.060837898805649,16,compliant,start_off,rig_scale,0.7787868976593018
92300.00000000001,77311.71344479607,290000.202304421,35499.954968950595,18181.450608169736,36104.7105581936,0.0,0.0,2.959822865683009,1.322723411364206,29.653568731241933,7.359675718446819,0.0,0.0,0.0,0.0,3.751051288127171,9.78265275625997,4.5,2.607976285697977,0.0,17,rigid,start_off,rig_scale,0.11723875999450684
92300.00000000001,77317.28230910994,290057.165473408,35499.93643902468,18181.304863850968,35443.726623835544,883.0194553281925,618.4104159958596,2.861467983851412,1.3189572731073869,29.8680856239219,6.8851854278668165,0.004415076447282395,0.004122713997737578,0.08933756439671078,0.06878801070295149,3.7515178600532875,9.784649058023708,4.5,2.60818406644584,3.7515178600532875,17,compliant,start_off,rig_scale,0.8019633293151855
92300.00000000001,79914.35420125021,362753.08214228257,35499.98789974938,16838.046243101333,36104.85218089525,0.0,0.0,2.9598124027692165,1.2311498976399526,29.64795889030404,6.689724760758051,0.0,0.0,0.0,0.0,4.53927314770952,13.530902922571377,5.0,2.980852340515972,0.0,18,rigid,start_off,rig_scale,0.12361025810241699
92300.00000000001,79918.95576152726,362819.11842899746,35499.90449156289,16837.92064286206,35443.71487248424,883.0408397444302,618.4178366866386,2.861436704636958,1.2277998321122434,29.866898788381945,6.258438560615609,0.004415195577566685,0.004122792334266884,0.08933531710379049,0.06878715841964342,4.539838076859075,13.533373027916808,5.0,2.981025504188989,4.539838076859075,18,compliant,start_off,rig_scale,0.830223798751831
92300.00000000001,73928.4905126516,225970.09379963425,35499.99996411836,19650.616980778446,36056.94366415248,0.0,0.0,2.9628739053318895,1.4250986298648025,29.702437496797984,8.162449103119354,0.0,0.0,0.0,0.0,3.0566036481018553,6.834518537995244,4.0,2.235984564289386,0.0,19,rigid,start_off,rig_scale,0.11145520210266113
92300.00000000001,73932.82558287225,225996.07526787318,35499.98731359325,19650.53437093617,35908.46076067918,450.7562769748304,154.77258414091148,2.943963526869311,1.4236706670646513,29.8592850376524,7.988785336686512,0.0022537824266045765,0.0010318171138673873,0.04704883618595385,0.022099983548872718,3.0567758432896803,6.835335283703693,3.999999999999999,2.236125798017488,3.0567758432896803,19,compliant,start_off,rig_scale,0.6647708415985107
92300.00000000001,77310.9076711396,289633.97652868036,35499.95076067675,18181.984169512525,36057.020440660475,0.0,0.0,2.962864123097006,1.3243373742177975,29.700440838100803,7.372759028822228,0.0,0.0,0.0,0.0,3.746353331676141,9.770033042832305,4.499999999999999,2.6078781757630383,0.0,20,rigid,start_off,rig_scale,0.11855912208557129
92300.00000000001,77314.66243395644,289668.4490511008,35499.99986761969,18181.83762704781,35908.31790135833,450.756697423169,154.76398529081683,2.9439449189050038,1.3230668681660738,29.855484916272303,7.215833130724118,0.0022537829348586173,0.0010317550170488754,0.047049598950761044,0.022100185148877294,3.746617264203161,9.771223957260494,4.5,2.6080123262614783,3.746617264203161,20,compliant,start_off,rig_scale,0.6857151985168457
92300.00000000001,79913.30039076482,362282.64765748504,35499.982722412744,16838.68708735789,36056.88565695254,0.0,0.0,2.962828681406677,1.2326784475283934,29.695105043467777,6.701722642214588,0.0,0.0,0.0,0.0,4.533446195889467,13.512913706934603,5.000000000000001,2.980715594088603,0.0,21,rigid,start_off,rig_scale,0.12483000755310059
92300.00000000001,79916.47274770669,362324.6416685679,35499.85637782877,16838.532750623785,35908.36570943783,450.7456327898559,154.77202003901337,2.9439311711871596,1.231541890026345,29.854653745704297,6.559061089667746,0.0022537364279016344,0.0010318144581026628,0.04704357465576857,0.022100679115949512,4.5337917104076055,13.514484863535158,5.0,2.9808349811282335,4.5337917104076055,21,compliant,start_off,rig_scale,0.7044968605041504
92300.00000000001,73928.8355927603,226246.60551903903,35499.999922217,19650.238238396592,36104.94190993805,0.0,0.0,2.9598605805216494,1.4233961793426733,29.655478350466865,8.148108967203505,0.0,0.0,0.0,0.0,3.0603296224672976,6.843005561374044,4.0,2.236035474613095,0.0,22,rigid,start_off,rig_scale,0.10983109474182129
92300.00000000001,73935.11565572127,226290.11605792973,35499.90855486435,19650.330785861534,36023.148438124736,677.6275813185248,338.22590627671013,2.9465847771244853,1.420689147178512,29.866190122636112,7.812509632590245,0.0033881540177009535,0.00225483878433125,0.068677980279287,0.048671775790801626,3.060658173737757,6.844348611908872,4.0,2.236234254749989,3.060658173737757,22,compliant,start_off,rig_scale,0.660790205001831
92300.00000000001,77311.71344479607,290000.202304421,35499.954968950595,18181.450608169736,36104.7105581936,0.0,0.0,2.959822865683009,1.322723411364206,29.653568731241933,7.359675718446819,0.0,0.0,0.0,0.0,3.751051288127171,9.78265275625997,4.5,2.607976285697977,0.0,23,rigid,start_off,rig_scale,0.11693954467773438
92300.00000000001,77316.93840092987,290052.88857927255,35499.93143190585,18181.48544078628,36023.04353105398,677.597439809355,338.20303516844075,2.946558914145726,1.3203331656375108,29.862890770235026,7.056542285649694,0.0033880154144585455,0.002254670140804176,0.06867460747050315,0.04867413798830351,3.7514792305302165,9.784412995810799,4.5,2.608147998210152,3.7514792305302165,23,compliant,start_off,rig_scale,0.6839799880981445
92300.00000000001,79914.35420125021,362753.08214228257,35499.98789974938,16838.046243101333,36104.85218089525,0.0,0.0,2.9598124027692165,1.2311498976399526,29.64795889030404,6.689724760758051,0.0,0.0,0.0,0.0,4.53927314770952,13.530902922571377,5.0,2.980852340515972,0.0,24,rigid,start_off,rig_scale,0.12347006797790527
92300.00000000001,79918.7128599203,362815.51444828603,35499.94259292078,16838.05516769624,36022.92787609783,677.5915602119491,338.1871992383992,2.9465184578264143,1.2290187511206754,29.861387920811694,6.414180504640526,0.0033879952294087502,0.0022545746284454347,0.06867480634716772,0.04866654314750557,4.539806779473799,13.533160057732204,5.000000000000001,2.9809991436186,4.539806779473799,24,compliant,start_off,rig_scale,0.703406572341919
92300.00000000001,73929.17721399426,226523.23059874243,35499.99987087882,19649.859397196007,36152.45833312873,0.0,0.0,2.956817297230941,1.4216970641176687,29.608672050500218,8.133828052695579,0.0,0.0,0.0,0.0,3.0640572387685547,6.851496223252014,4.0,2.2360862505237615,0.0,25,rigid,start_off,rig_scale,0.10920476913452148
92300.00000000001,73937.4978814949,226592.81027704556,35499.958934336944,19648.798444329273,34979.31481479909,1130.1301630169962,670.34028638397,2.795169299937129,1.4161074518093422,29.873287144792016,7.464990208802073,0.005650612390938046,0.004468906529085151,0.09822877032499419,0.0863899015995649,3.064653481244694,6.854202702479455,4.0,2.236534336660835,3.064653481244694,25,compliant,start_off,rig_scale,0.7032065391540527
92300.00000000001,77312.51526496929,290366.5800341603,35499.95911085179,18180.91762380168,36152.659999971984,0.0,0.0,2.9568188537689366,1.3211126867295033,29.60684024477621,7.346646567298325,0.0,0.0,0.0,0.0,3.7557513041582147,9.795277624796414,4.5,2.608074092546128,0.0,26,rigid,start_off,rig_scale,0.11636066436767578
92300.00000000001,77318.13725813224,290421.50710257096,35499.8996275886,18180.48947764827,34979.365553866635,1130.1510080059527,670.3297858377208,2.7951574139000286,1.316262715602558,29.870434941214285,6.742966532194961,0.005650760215248498,0.004468893793259441,0.09823065314238953,0.0863887380993564,3.7561886175940526,9.79740238512328,4.5,2.6083361172986526,3.7561886175940526,26,compliant,start_off,rig_scale,0.728978157043457
92300.00000000001,79915.40720179731,363223.8243000477,35499.99223253828,16837.404774357296,36152.393159134284,0.0,0.0,2.9567714913825967,1.2296242765030183,29.601544873418334,6.677775842576984,0.0,0.0,0.0,0.0,4.54510384190195,13.548905140352378,5.000000000000001,2.9809891425038972,0.0,27,rigid,start_off,rig_scale,0.12246298789978027
92300.00000000001,79920.17808068785,363291.4555518328,35499.809056359256,16836.97847779619,34979.131762952646,1130.148350260584,670.3473409808134,2.7951422633409493,1.2253051440913967,29.868311732876293,6.12904065471676,0.005650751925124526,0.004468958290561845,0.09822766132338398,0.08639028516507982,4.545678754432351,13.551696142721395,5.0,2.9812261136314513,4.545678754432351,27,compliant,start_off,rig_scale,0.7506954669952393
