P_peak_W,P_mean_W,E_engine_J,M_peak_Nm,M_mean_Nm,F_kch_peak_N,F_chv1_peak_N,F_v1v2_peak_N,a_peak_m_s2,a_rms_m_s2,j_peak_m_s3,j_rms_m_s3,u1_peak_m,u2_peak_m,du1_peak_m_s,du2_peak_m_s,t_manoeuvre_s,distance_m,v_end_m_s,v_mean_m_s,settling_time_s,run_id,configuration,scenario,scale,wall_time_s,braking_time_s,braking_distance_m,mean_decel_m_s2
92300.00000000001,73947.48179016546,240251.89452647715,35499.96171313364,19629.121509937708,38292.75970821232,0.0,0.0,2.8088297653324616,1.3425351999029322,27.502764083455645,7.517817575199427,0.0,0.0,0.0,0.0,3.248953023285089,7.2741874602133745,3.9999999999999996,2.2389328032618514,0.0,1,rigid,start_off,full_scale,0.11556267738342285,,,
92300.00000000001,74091.57435377086,241412.7749953792,35499.9813000632,19617.797302807878,35761.72910943635,4506.160986654025,2404.543632717414,2.628236486888113,1.335645937144128,30.211982780237577,7.412794634456276,0.022530810461431787,0.016030318719792595,0.10167950334543328,0.10905906619795187,3.2583026761273377,7.3158682266327695,3.9999999999999996,2.2453003891255006,3.2583026761273377,1,compliant,start_off,full_scale,0.671220064163208,,,
92300.00000000001,83573.03418661795,2215358.4081042595,35499.786507969286,9453.747198158193,4004.012257124078,0.0,0.0,0.6187768800533013,0.6104844327310414,6.944111824779153,0.5918219297796992,0.0,0.0,0.0,0.0,26.508052862570253,217.2139639075649,0.0010000000000265886,8.194263189648783,0.0,1,rigid,braking,full_scale,,26.508052862570253,217.2139639075649,-0.6088186384010909
92300.00000000001,83583.25084438102,2214185.586554424,35499.60993090538,9458.341747177468,4004.012320154677,866.2876305783282,433.1438153459821,0.6187797611192991,0.6108119182399794,7.493151341217679,0.6060797187404406,0.004331438152891717,0.0028876254356394655,0.022817474473699372,0.022717000756442018,26.490780918259475,216.95051499075635,0.000999999999992029,8.189660907965537,26.490780918259475,1,compliant,braking,full_scale,,26.490780918259475,216.95051499075635,-0.6092155871131604
92300.00000000001,77349.49877721796,308489.77975000045,35499.8496319202,18154.499035564273,38292.75706802417,0.0,0.0,2.808811734112396,1.2462675741414824,27.499092469182585,6.785089554928623,0.0,0.0,0.0,0.0,3.9882582903156587,10.420484638809116,4.5,2.6127908305268845,0.0,2,rigid,start_off,full_scale,0.12088251113891602,,,
92300.00000000001,77488.2273751499,310379.11459819344,35499.8766664516,18135.932079185706,35761.76349244482,4506.177920134977,2404.548359561038,2.628193907092623,1.2388723420865735,30.209501228390934,6.68540816063435,0.02253063820417586,0.016030323381569168,0.10168252396555001,0.1090569155466374,4.005500256129624,10.495812553075176,4.5,2.620350002292397,4.005500256129624,2,compliant,start_off,full_scale,0.698636531829834,,,
92300.00000000001,83573.03418661795,2215358.4081042595,35499.786507969286,9453.747198158193,4004.012257124078,0.0,0.0,0.6187768800533013,0.6104844327310414,6.944111824779153,0.5918219297796992,0.0,0.0,0.0,0.0,26.508052862570253,217.2139639075649,0.0010000000000265886,8.194263189648783,0.0,2,rigid,braking,full_scale,,26.508052862570253,217.2139639075649,-0.6088186384010909
92300.00000000001,83583.25084438102,2214185.586554424,35499.60993090538,9458.341747177468,4004.012320154677,866.2876305783282,433.1438153459821,0.6187797611192991,0.6108119182399794,7.493151341217679,0.6060797187404406,0.004331438152891717,0.0028876254356394655,0.022817474473699372,0.022717000756442018,26.490780918259475,216.95051499075635,0.000999999999992029,8.189660907965537,26.490780918259475,2,compliant,braking,full_scale,,26.490780918259475,216.95051499075635,-0.6092155871131604
92300.00000000001,79966.50957010593,386599.4806571987,35499.866593460196,16804.96270528104,38292.642624602704,0.0,0.0,2.808777413640712,1.1586511431500661,27.498212769931968,6.162151087176593,0.0,0.0,0.0,0.0,4.8345173840340046,14.44475589518164,5.0,2.987838250485723,0.0,3,rigid,start_off,full_scale,0.12547850608825684,,,
92300.00000000001,80093.30253792867,389279.6966985018,35499.757314046015,16783.248500899073,35761.721422164876,4506.18291348101,2404.5259357199684,2.6281898584555847,1.1511285147229027,30.20613596764707,6.0684541468688185,0.022530707684063293,0.016030148079642453,0.10168027848717953,0.10905500574622701,4.860327697364658,14.560811324666657,5.0,2.9958497243183,4.860327697364658,3,compliant,start_off,full_scale,0.7109673023223877,,,
92300.00000000001,83573.03418661795,2215358.4081042595,35499.786507969286,9453.747198158193,4004.012257124078,0.0,0.0,0.6187768800533013,0.6104844327310414,6.944111824779153,0.5918219297796992,0.0,0.0,0.0,0.0,26.508052862570253,217.2139639075649,0.0010000000000265886,8.194263189648783,0.0,3,rigid,braking,full_scale,,26.508052862570253,217.2139639075649,-0.6088186384010909
92300.00000000001,83583.25084438102,2214185.586554424,35499.60993090538,9458.341747177468,4004.012320154677,866.2876305783282,433.1438153459821,0.6187797611192991,0.6108119182399794,7.493151341217679,0.6060797187404406,0.004331438152891717,0.0028876254356394655,0.022817474473699372,0.022717000756442018,26.490780918259475,216.95051499075635,0.000999999999992029,8.189660907965537,26.490780918259475,3,compliant,braking,full_scale,,26.490780918259475,216.95051499075635,-0.6092155871131604
92300.00000000001,73987.10112987658,269560.139983531,35499.984096962566,19582.62167091632,41564.70895133679,0.0,0.0,2.5065353069974208,1.203012914430284,24.037313931550216,6.766220165178693,0.0,0.0,0.0,0.0,3.6433396614681044,8.180312757993045,4.0,2.2452786624319065,0.0,4,rigid,start_off,full_scale,0.12287306785583496,,,
92300.00000000001,74669.1497282542,273095.7288803504,35499.97751552836,19599.18601157594,38281.808080199036,7824.580203046344,6523.931373078839,2.411907171830535,1.1982237279569794,30.919574459332523,7.380809897720491,0.03912288558845957,0.04349263903230746,0.16910913115952125,0.15895738519782118,3.6574104549768727,8.30144270026035,4.0,2.2697596688059547,3.6574104549768727,4,compliant,start_off,full_scale,0.6937355995178223,,,
92300.00000000001,84728.68333070748,2239221.398388005,35499.75823997926,9825.896845717172,4403.350495901613,0.0,0.0,0.5910237309079358,0.5834754698243657,6.643966184024233,0.5933317666625185,0.0,0.0,0.0,0.0,26.428138740785357,206.23111471282755,0.0010000000000044281,7.8034671585102595,0.0,4,rigid,braking,full_scale,,26.428138740785357,206.23111471282755,-0.581892607835921
92300.00000000001,84748.09936046238,2228196.153619745,35499.85498358889,9858.386989354332,4403.071809239998,2304.5028598418708,1890.865261793373,0.6476580771661702,0.5862643711801528,8.168302153896192,0.6499902427324208,0.011522514077056843,0.012605767613072368,0.04266626401948026,0.03994653024440389,26.291989678051323,204.43825996077248,0.0009999999999784758,7.775686076197669,26.291989678051323,4,compliant,braking,full_scale,,26.291989678051323,204.43825996077248,-0.5849058494882838
92300.00000000001,77428.6878232625,347383.6637762989,35499.97574135144,18096.227028949295,41564.394888394454,0.0,0.0,2.5064930578441817,1.1141975936262063,24.035515581198183,6.097079436691083,0.0,0.0,0.0,0.0,4.4864981383803295,11.768793153097022,4.500000000000001,2.6231579390377786,0.0,5,rigid,start_off,full_scale,0.13167333602905273,,,
92300.00000000001,78089.45185496662,354346.7158634317,35499.84752730101,18061.421960604806,38281.71808192447,7824.582658682058,6523.935262635255,2.41188759714953,1.1044892838982494,30.91602712243099,6.6256861083453,0.03912283380877493,0.04349264463069446,0.16910625579909622,0.15896022530490275,4.537702691543411,12.048285038425037,4.5,2.655150835999671,4.537702691543411,5,compliant,start_off,full_scale,0.7324929237365723,,,
92300.00000000001,84728.68333070748,2239221.398388005,35499.75823997926,9825.896845717172,4403.350495901613,0.0,0.0,0.5910237309079358,0.5834754698243657,6.643966184024233,0.5933317666625185,0.0,0.0,0.0,0.0,26.428138740785357,206.23111471282755,0.0010000000000044281,7.8034671585102595,0.0,5,rigid,braking,full_scale,,26.428138740785357,206.23111471282755,-0.581892607835921
92300.00000000001,84748.09936046238,2228196.153619745,35499.85498358889,9858.386989354332,4403.071809239998,2304.5028598418708,1890.865261793373,0.6476580771661702,0.5862643711801528,8.168302153896192,0.6499902427324208,0.011522514077056843,0.012605767613072368,0.04266626401948026,0.03994653024440389,26.291989678051323,204.43825996077248,0.0009999999999784758,7.775686076197669,26.291989678051323,5,compliant,braking,full_scale,,26.291989678051323,204.43825996077248,-0.5849058494882838
92300.00000000001,80073.26055098194,436951.7474184221,35499.99973926044,16735.46594581386,41564.706384303696,0.0,0.0,2.506484128056343,1.0334094098930118,24.032922723806735,5.527825622812717,0.0,0.0,0.0,0.0,5.4568996492932715,16.383679050786608,5.0,3.002378672603192,0.0,6,rigid,start_off,full_scale,0.13902926445007324,,,
92300.00000000001,80693.7301495124,448326.1456935725,35499.82885641268,16665.398736469517,38281.249322258525,7824.56471799731,6523.930918507199,2.411869538483529,1.020086924878812,30.907113703868674,5.98691109336466,0.0391228697666661,0.04349256944324571,0.16910740207697245,0.15895775516560404,5.555898145529979,16.890616539109846,5.0,3.0401235174630905,5.555898145529979,6,compliant,start_off,full_scale,0.7584249973297119,,,
92300.00000000001,84728.68333070748,2239221.398388005,35499.75823997926,9825.896845717172,4403.350495901613,0.0,0.0,0.5910237309079358,0.5834754698243657,6.643966184024233,0.5933317666625185,0.0,0.0,0.0,0.0,26.428138740785357,206.23111471282755,0.0010000000000044281,7.8034671585102595,0.0,6,rigid,braking,full_scale,,26.428138740785357,206.23111471282755,-0.581892607835921
92300.00000000001,84748.09936046238,2228196.153619745,35499.85498358889,9858.386989354332,4403.071809239998,2304.5028598418708,1890.865261793373,0.6476580771661702,0.5862643711801528,8.168302153896192,0.6499902427324208,0.011522514077056843,0.012605767613072368,0.04266626401948026,0.03994653024440389,26.291989678051323,204.43825996077248,0.0009999999999784758,7.775686076197669,26.291989678051323,6,compliant,braking,full_scale,,26.291989678051323,204.43825996077248,-0.5849058494882838
92300.00000000001,74049.6910482716,300480.70642089867,35499.98361706523,19538.817701789263,44859.60072361631,0.0,0.0,2.29272899400587,1.0877605238594161,21.37015480902869,6.2887089998474535,0.0,0.0,0.0,0.0,4.057825254463532,9.139139240515668,4.0,2.252225937693216,0.0,7,rigid,start_off,full_scale,0.1347346305847168,,,
92300.00000000001,75380.53314744298,304533.7736246183,35499.89901474216,19639.690456435244,41856.10100920557,12726.593307619241,11361.819338200285,2.2378467401534863,1.0858603849736037,31.595184662079305,7.0003221832908515,0.06363292140365878,0.07574504362983629,0.19376362788897933,0.20582892289499827,4.0399525037711745,9.260268950373487,4.0,2.292172738912239,4.0399525037711745,7,compliant,start_off,full_scale,0.6455233097076416,,,
92300.00000000001,85554.53731365349,2236711.8605227824,35499.8934087768,10214.119589510836,5103.132646610226,0.0,0.0,0.577817293348744,0.5606779809899348,6.422499683487363,0.5971251931783728,0.0,0.0,0.0,0.0,26.14369653268909,193.8371816455874,0.0010000000000199897,7.414298874930725,0.0,7,rigid,braking,full_scale,,26.14369653268909,193.8371816455874,-0.559143593118387
92300.00000000001,85552.18133193332,2216714.565444243,35499.82516733374,10263.229534509868,5103.132760294095,3625.139719435107,3228.4687373580286,0.6988638702466687,0.5654159282513633,8.847598212623701,0.7118504504734182,0.018125696343825923,0.021523139802668952,0.05571611117467352,0.05995549025788217,25.910672655366056,191.14358172580978,0.0010000000000167037,7.377021142884918,25.910672655366056,7,compliant,braking,full_scale,,25.910672655366056,191.14358172580978,-0.5641721618262975
92300.00000000001,77529.93421294705,388732.2539761966,35499.97358062041,18038.762123835706,44860.00418731536,0.0,0.0,2.2927284318121792,1.0048960404684093,21.369030554424313,5.657038126731197,0.0,0.0,0.0,0.0,5.013963418419625,13.208739030744399,4.5,2.6343907986765496,0.0,8,rigid,start_off,full_scale,0.15550613403320312,,,
92300.00000000001,78822.38037163398,399760.05816151854,35499.97551053952,18018.38793770304,41856.02655200028,12726.588401919873,11361.816879725955,2.237847995108268,0.9935360008799242,31.59102954978789,6.246974492095804,0.06363289744634479,0.07574503487116774,0.19375303493959023,0.20582537122543737,5.071656758863645,13.65253273006725,4.5,2.69192759663676,5.071656758863645,8,compliant,start_off,full_scale,0.6793954372406006,,,
92300.00000000001,85554.53731365349,2236711.8605227824,35499.8934087768,10214.119589510836,5103.132646610226,0.0,0.0,0.577817293348744,0.5606779809899348,6.422499683487363,0.5971251931783728,0.0,0.0,0.0,0.0,26.14369653268909,193.8371816455874,0.0010000000000199897,7.414298874930725,0.0,8,rigid,braking,full_scale,,26.14369653268909,193.8371816455874,-0.559143593118387
92300.00000000001,85552.18133193332,2216714.565444243,35499.82516733374,10263.229534509868,5103.132760294095,3625.139719435107,3228.4687373580286,0.6988638702466687,0.5654159282513633,8.847598212623701,0.7118504504734182,0.018125696343825923,0.021523139802668952,0.05571611117467352,0.05995549025788217,25.910672655366056,191.14358172580978,0.0010000000000167037,7.377021142884918,25.910672655366056,8,compliant,braking,full_scale,,25.910672655366056,191.14358172580978,-0.5641721618262975
92300.00000000001,80202.2303429332,490958.4245006497,35499.98534358968,16664.558365916753,44859.6179395071,0.0,0.0,2.2926724507338463,0.9295342488099314,21.365294160773658,5.119081920208227,0.0,0.0,0.0,0.0,6.121505878345054,18.476218639446987,5.0,3.0182473216655517,0.0,9,rigid,start_off,full_scale,0.15247893333435059,,,
92300.00000000001,81417.81277645617,511406.56135676446,35499.98176390717,16559.486634929646,41856.08953196627,12726.595137951655,11361.816261061149,2.2377795980834776,0.9110274287238505,31.583792454819644,5.612074624027275,0.06363287403706122,0.07574498398867063,0.1937476259828021,0.20582658060394995,6.281261359364955,19.40585228761262,5.0,3.089483346760859,6.281261359364955,9,compliant,start_off,full_scale,0.7068724632263184,,,
92300.00000000001,85554.53731365349,2236711.8605227824,35499.8934087768,10214.119589510836,5103.132646610226,0.0,0.0,0.577817293348744,0.5606779809899348,6.422499683487363,0.5971251931783728,0.0,0.0,0.0,0.0,26.14369653268909,193.8371816455874,0.0010000000000199897,7.414298874930725,0.0,9,rigid,braking,full_scale,,26.14369653268909,193.8371816455874,-0.559143593118387
92300.00000000001,85552.18133193332,2216714.565444243,35499.82516733374,10263.229534509868,5103.132760294095,3625.139719435107,3228.4687373580286,0.6988638702466687,0.5654159282513633,8.847598212623701,0.7118504504734182,0.018125696343825923,0.021523139802668952,0.05571611117467352,0.05995549025788217,25.910672655366056,191.14358172580978,0.0010000000000167037,7.377021142884918,25.910672655366056,9,compliant,braking,full_scale,,25.910672655366056,191.14358172580978,-0.5641721618262975
92300.00000000001,73987.10112987658,269560.139983531,35499.984096962566,19582.62167091632,41564.70895133679,0.0,0.0,2.5065353069974208,1.203012914430284,24.037313931550216,6.766220165178693,0.0,0.0,0.0,0.0,3.6433396614681044,8.180312757993045,4.0,2.2452786624319065,0.0,10,rigid,start_off,full_scale,0.1225433349609375,,,
92300.00000000001,74525.21009383319,273881.94432127295,35499.97627278611,19539.079261260224,39476.3409543303,9430.846639985515,1721.10069207186,2.444803818070909,1.2024635102353152,30.904728529989427,7.9616309060011865,0.047152629153864034,0.011473989106596914,0.15169860354928616,0.05812427972826312,3.675024115684259,8.342748188138128,4.0,2.270120676415437,3.675024115684259,10,compliant,start_off,full_scale,0.5579867362976074,,,
92300.00000000001,84728.68333070748,2239221.398388005,35499.75823997926,9825.896845717172,4403.350495901613,0.0,0.0,0.5910237309079358,0.5834754698243657,6.643966184024233,0.5933317666625185,0.0,0.0,0.0,0.0,26.428138740785357,206.23111471282755,0.0010000000000044281,7.8034671585102595,0.0,10,rigid,braking,full_scale,,26.428138740785357,206.23111471282755,-0.581892607835921
92300.00000000001,84753.17132450845,2228711.531911943,35499.87870212802,9858.707842829983,4403.317737460654,2304.935027190568,416.93188639442025,0.6465165732904552,0.5862408062646941,8.165760681102963,0.6812058280690997,0.011524675028295342,0.002779545901767911,0.03839357265763153,0.013320854923175973,26.296497193933988,204.43997411160126,0.0009999999999853973,7.774418421495544,26.296497193933988,10,compliant,braking,full_scale,,26.296497193933988,204.43997411160126,-0.5848055901782967
92300.00000000001,77428.6878232625,347383.6637762989,35499.97574135144,18096.227028949295,41564.394888394454,0.0,0.0,2.5064930578441817,1.1141975936262063,24.035515581198183,6.097079436691083,0.0,0.0,0.0,0.0,4.4864981383803295,11.768793153097022,4.500000000000001,2.6231579390377786,0.0,11,rigid,start_off,full_scale,0.1299142837524414,,,
92300.00000000001,77948.54904499944,354794.4716335801,35499.997265764534,18023.986566913343,39476.392249906516,9430.855821030404,1721.1003330694975,2.444778873974087,1.1091410775989663,30.90048616976003,7.153321576832693,0.047152646639251915,0.01147399653111648,0.1517013995957012,0.05812419274837502,4.551649465967076,12.073988436879379,4.5,2.6526622017481247,4.551649465967076,11,compliant,start_off,full_scale,0.5925889015197754,,,
92300.00000000001,84728.68333070748,2239221.398388005,35499.75823997926,9825.896845717172,4403.350495901613,0.0,0.0,0.5910237309079358,0.5834754698243657,6.643966184024233,0.5933317666625185,0.0,0.0,0.0,0.0,26.428138740785357,206.23111471282755,0.0010000000000044281,7.8034671585102595,0.0,11,rigid,braking,full_scale,,26.428138740785357,206.23111471282755,-0.581892607835921
92300.00000000001,84753.17132450845,2228711.531911943,35499.87870212802,9858.707842829983,4403.317737460654,2304.935027190568,416.93188639442025,0.6465165732904552,0.5862408062646941,8.165760681102963,0.6812058280690997,0.011524675028295342,0.002779545901767911,0.03839357265763153,0.013320854923175973,26.296497193933988,204.43997411160126,0.0009999999999853973,7.774418421495544,26.296497193933988,11,compliant,braking,full_scale,,26.296497193933988,204.43997411160126,-0.5848055901782967
92300.00000000001,80073.26055098194,436951.7474184221,35499.99973926044,16735.46594581386,41564.706384303696,0.0,0.0,2.506484128056343,1.0334094098930118,24.032922723806735,5.527825622812717,0.0,0.0,0.0,0.0,5.4568996492932715,16.383679050786608,5.0,3.002378672603192,0.0,12,rigid,start_off,full_scale,0.13686037063598633,,,
92300.00000000001,80561.21368878154,448298.71677637787,35499.98324122457,16644.069089772656,39475.67695370735,9430.865562269975,1721.0992228121988,2.4447408929949006,1.0250040997335776,30.89430763290619,6.468509779292997,0.04715267542436408,0.011473963279774279,0.15169477830983305,0.0581241049586741,5.564696660457651,16.891748345417497,5.000000000000001,3.0355200742298507,5.564696660457651,12,compliant,start_off,full_scale,0.6240918636322021,,,
92300.00000000001,84728.68333070748,2239221.398388005,35499.75823997926,9825.896845717172,4403.350495901613,0.0,0.0,0.5910237309079358,0.5834754698243657,6.643966184024233,0.5933317666625185,0.0,0.0,0.0,0.0,26.428138740785357,206.23111471282755,0.0010000000000044281,7.8034671585102595,0.0,12,rigid,braking,full_scale,,26.428138740785357,206.23111471282755,-0.581892607835921
92300.00000000001,84753.17132450845,2228711.531911943,35499.87870212802,9858.707842829983,4403.317737460654,2304.935027190568,416.93188639442025,0.6465165732904552,0.5862408062646941,8.165760681102963,0.6812058280690997,0.011524675028295342,0.002779545901767911,0.03839357265763153,0.013320854923175973,26.296497193933988,204.43997411160126,0.0009999999999853973,7.774418421495544,26.296497193933988,12,compliant,braking,full_scale,,26.296497193933988,204.43997411160126,-0.5848055901782967
92300.00000000001,74049.6910482716,300480.70642089867,35499.98361706523,19538.817701789263,44859.60072361631,0.0,0.0,2.29272899400587,1.0877605238594161,21.37015480902869,6.2887089998474535,0.0,0.0,0.0,0.0,4.057825254463532,9.139139240515668,4.0,2.252225937693216,0.0,13,rigid,start_off,full_scale,0.13527178764343262,,,
92300.00000000001,75245.74403326683,309287.4535848882,35499.946394616294,19509.513773079267,41619.36525163851,11478.445886971866,5695.532479635795,2.375029218566283,1.0814400761854157,31.581620168396398,7.462397643558413,0.05739155024084077,0.037970093734434426,0.15010048139607812,0.12933644262580768,4.110364746319066,9.452334658426524,3.9999999999999996,2.299634044196718,4.110364746319066,13,compliant,start_off,full_scale,0.5285277366638184,,,
92300.00000000001,85554.53731365349,2236711.8605227824,35499.8934087768,10214.119589510836,5103.132646610226,0.0,0.0,0.577817293348744,0.5606779809899348,6.422499683487363,0.5971251931783728,0.0,0.0,0.0,0.0,26.14369653268909,193.8371816455874,0.0010000000000199897,7.414298874930725,0.0,13,rigid,braking,full_scale,,26.14369653268909,193.8371816455874,-0.559143593118387
92300.00000000001,85561.72410275564,2221055.6992978407,35499.98459197169,10260.223625226605,5103.132699322772,3632.851290154411,1816.6872022808986,0.6977276761390385,0.5644737472797988,8.840976307946342,0.748952402219824,0.018164256132386307,0.012111248014852456,0.04318104803729927,0.03800288274143438,25.958519683760187,191.48551101429985,0.0009999999999999224,7.376595877608088,25.958519683760187,13,compliant,braking,full_scale,,25.958519683760187,191.48551101429985,-0.5631322769567519
92300.00000000001,77529.93421294705,388732.2539761966,35499.97358062041,18038.762123835706,44860.00418731536,0.0,0.0,2.2927284318121792,1.0048960404684093,21.369030554424313,5.657038126731197,0.0,0.0,0.0,0.0,5.013963418419625,13.208739030744399,4.5,2.6343907986765496,0.0,14,rigid,start_off,full_scale,0.14477777481079102,,,
92300.00000000001,78664.84796449162,404421.14974230935,35499.99185214582,17938.06328057768,41619.32662820126,11478.445600477948,5695.534806594728,2.375013818968,0.9911126286554072,31.574208553382334,6.671595052507156,0.057391481177536674,0.03797009944780614,0.15009925530732637,0.12933510816346422,5.141065675546214,13.83977838278734,4.5,2.6920057664889976,5.141065675546214,14,compliant,start_off,full_scale,0.5601701736450195,,,
92300.00000000001,85554.53731365349,2236711.8605227824,35499.8934087768,10214.119589510836,5103.132646610226,0.0,0.0,0.577817293348744,0.5606779809899348,6.422499683487363,0.5971251931783728,0.0,0.0,0.0,0.0,26.14369653268909,193.8371816455874,0.0010000000000199897,7.414298874930725,0.0,14,rigid,braking,full_scale,,26.14369653268909,193.8371816455874,-0.559143593118387
92300.00000000001,85561.72410275564,2221055.6992978407,35499.98459197169,10260.223625226605,5103.132699322772,3632.851290154411,1816.6872022808986,0.6977276761390385,0.5644737472797988,8.840976307946342,0.748952402219824,0.018164256132386307,0.012111248014852456,0.04318104803729927,0.03800288274143438,25.958519683760187,191.48551101429985,0.0009999999999999224,7.376595877608088,25.958519683760187,14,compliant,braking,full_scale,,25.958519683760187,191.48551101429985,-0.5631322769567519
92300.00000000001,80202.2303429332,490958.4245006497,35499.98534358968,16664.558365916753,44859.6179395071,0.0,0.0,2.2926724507338463,0.9295342488099314,21.365294160773658,5.119081920208227,0.0,0.0,0.0,0.0,6.121505878345054,18.476218639446987,5.0,3.0182473216655517,0.0,15,rigid,start_off,full_scale,0.15284252166748047,,,
92300.00000000001,81253.15246686543,515602.59752968955,35499.915724069986,16515.27911907323,41619.36200329213,11478.443541270408,5695.528363674932,2.3749771320377704,0.9102662416454541,31.570570896215855,6.003763902117872,0.0573914971937709,0.037970071149355175,0.1500934704993249,0.12933545645605682,6.345631915511824,19.56897306908835,4.999999999999999,3.0838493960206024,6.345631915511824,15,compliant,start_off,full_scale,0.5860929489135742,,,
92300.00000000001,85554.53731365349,2236711.8605227824,35499.8934087768,10214.119589510836,5103.132646610226,0.0,0.0,0.577817293348744,0.5606779809899348,6.422499683487363,0.5971251931783728,0.0,0.0,0.0,0.0,26.14369653268909,193.8371816455874,0.0010000000000199897,7.414298874930725,0.0,15,rigid,braking,full_scale,,26.14369653268909,193.8371816455874,-0.559143593118387
92300.00000000001,85561.72410275564,2221055.6992978407,35499.98459197169,10260.223625226605,5103.132699322772,3632.851290154411,1816.6872022808986,0.6977276761390385,0.5644737472797988,8.840976307946342,0.748952402219824,0.018164256132386307,0.012111248014852456,0.04318104803729927,0.03800288274143438,25.958519683760187,191.48551101429985,0.0009999999999999224,7.376595877608088,25.958519683760187,15,compliant,braking,full_scale,,25.958519683760187,191.48551101429985,-0.5631322769567519
92300.00000000001,74118.92789514095,333194.5654433919,35499.98059483722,19492.774532553765,49636.4113206276,0.0,0.0,2.20750036459242,0.9853284210330129,19.248142457923507,5.5220769875901405,0.0,0.0,0.0,0.0,4.495404546525225,10.158806847981067,3.9999999999999996,2.259820399956194,0.0,16,rigid,start_off,full_scale,0.13749241828918457,,,
92300.00000000001,76062.72030872166,347293.0335382778,35499.97618419845,19470.2616165229,43129.11691723975,14758.65012468011,9368.081524758965,2.1470111816166764,0.9811106307458944,32.22735632975895,7.225356469083902,0.07379322022639137,0.062453524626782206,0.1482831930311341,0.1524691338972639,4.565877109426176,10.65234916884834,3.9999999999999996,2.3330345873552196,4.565877109426176,16,compliant,start_off,full_scale,0.47821831703186035,,,
92300.00000000001,86065.18990415562,2210051.443589801,35499.96821213374,10621.489082959373,5838.882836025872,0.0,0.0,0.5777108855265851,0.5411726870106752,6.246764003380786,0.6030596343327134,0.0,0.0,0.0,0.0,25.678807495236697,180.42969051767523,0.0009999999999887555,7.02640451018412,0.0,16,rigid,braking,full_scale,,25.678807495236697,180.42969051767523,-0.5396598743376197
92300.00000000001,86044.48686466902,2187549.307822166,35499.998761570016,10678.490360074355,5838.883404371006,4867.924046258335,3118.37110697131,0.7495485467234175,0.5464272777928606,9.536875072794675,0.8215631426328269,0.024339610676755698,0.020789140901379635,0.04795022528752375,0.05322326379674478,25.423468574607796,177.59262278184724,0.0010000000000197613,6.985381271750938,25.423468574607796,16,compliant,braking,full_scale,,25.423468574607796,177.59262278184724,-0.5450798750622315
92300.00000000001,77637.11261976593,432751.0876289952,35499.984928939404,17979.316343415583,49636.77589380738,0.0,0.0,2.207492958495834,0.9081034129781353,19.244295590252165,4.958602350022606,0.0,0.0,0.0,0.0,5.574023466694708,14.750058997937023,4.5,2.6462140239403773,0.0,17,rigid,start_off,full_scale,0.1467432975769043,,,
92300.00000000001,79463.59451348407,458946.7757475071,35499.934722777965,17836.461173876924,43128.91213667549,14758.649868016239,9368.081856381046,2.1469534001797683,0.8926471160147244,32.221856513415275,6.422989254429633,0.07379322114093632,0.06245349548571793,0.14828272232872267,0.1524693655396053,5.775560224243683,15.802272727476623,4.5,2.7360588721830843,5.775560224243683,17,compliant,start_off,full_scale,0.511458158493042,,,
92300.00000000001,86065.18990415562,2210051.443589801,35499.96821213374,10621.489082959373,5838.882836025872,0.0,0.0,0.5777108855265851,0.5411726870106752,6.246764003380786,0.6030596343327134,0.0,0.0,0.0,0.0,25.678807495236697,180.42969051767523,0.0009999999999887555,7.02640451018412,0.0,17,rigid,braking,full_scale,,25.678807495236697,180.42969051767523,-0.5396598743376197
92300.00000000001,86044.48686466902,2187549.307822166,35499.998761570016,10678.490360074355,5838.883404371006,4867.924046258335,3118.37110697131,0.7495485467234175,0.5464272777928606,9.536875072794675,0.8215631426328269,0.024339610676755698,0.020789140901379635,0.04795022528752375,0.05322326379674478,25.423468574607796,177.59262278184724,0.0010000000000197613,6.985381271750938,25.423468574607796,17,compliant,braking,full_scale,,25.423468574607796,177.59262278184724,-0.5450798750622315
92300.00000000001,80340.43339708785,549043.884408824,35499.97767133374,16589.851428149195,49636.74389626067,0.0,0.0,2.2074547311898414,0.837668529044004,19.24085226459215,4.477500801063359,0.0,0.0,0.0,0.0,6.833967171861504,20.742667599697175,5.0,3.0352308063347992,0.0,18,rigid,start_off,full_scale,0.1674182415008545,,,
92300.00000000001,82017.92984928808,591378.7424558229,35499.70328931093,16364.906372723293,43128.39596642561,14758.649356905808,9368.07360741955,2.146849100769032,0.8139156926978621,32.21257082497917,5.746757416039023,0.07379322227429384,0.062453517164746994,0.14827549129134152,0.15246887232060236,7.210359290249217,22.627434826720673,5.0,3.138184104693656,7.210359290249217,18,compliant,start_off,full_scale,0.5431423187255859,,,
92300.00000000001,86065.18990415562,2210051.443589801,35499.96821213374,10621.489082959373,5838.882836025872,0.0,0.0,0.5777108855265851,0.5411726870106752,6.246764003380786,0.6030596343327134,0.0,0.0,0.0,0.0,25.678807495236697,180.42969051767523,0.0009999999999887555,7.02640451018412,0.0,18,rigid,braking,full_scale,,25.678807495236697,180.42969051767523,-0.5396598743376197
92300.00000000001,86044.48686466902,2187549.307822166,35499.998761570016,10678.490360074355,5838.883404371006,4867.924046258335,3118.37110697131,0.7495485467234175,0.5464272777928606,9.536875072794675,0.8215631426328269,0.024339610676755698,0.020789140901379635,0.04795022528752375,0.05322326379674478,25.423468574607796,177.59262278184724,0.0010000000000197613,6.985381271750938,25.423468574607796,18,compliant,braking,full_scale,,25.423468574607796,177.59262278184724,-0.5450798750622315
92300.00000000001,74049.6910482716,300480.70642089867,35499.98361706523,19538.817701789263,44859.60072361631,0.0,0.0,2.29272899400587,1.0877605238594161,21.37015480902869,6.2887089998474535,0.0,0.0,0.0,0.0,4.057825254463532,9.139139240515668,4.0,2.252225937693216,0.0,19,rigid,start_off,full_scale,0.13294100761413574,,,
92300.00000000001,74954.16693642584,307486.8198861994,35499.9883306799,19484.240024607894,41179.920596710326,12671.793354370237,1499.9627184615583,2.387941703004458,1.0850074916758525,31.569596580573545,7.434094843103494,0.06335678862522924,0.009999705344225618,0.161823245190727,0.038098200736681326,4.102331230590577,9.405870204623506,4.0,2.2928110194850766,4.102331230590577,19,compliant,start_off,full_scale,0.5477001667022705,,,
92300.00000000001,85554.53731365349,2236711.8605227824,35499.8934087768,10214.119589510836,5103.132646610226,0.0,0.0,0.577817293348744,0.5606779809899348,6.422499683487363,0.5971251931783728,0.0,0.0,0.0,0.0,26.14369653268909,193.8371816455874,0.0010000000000199897,7.414298874930725,0.0,19,rigid,braking,full_scale,,26.14369653268909,193.8371816455874,-0.559143593118387
92300.00000000001,85546.4761834872,2212774.0271909004,35499.91938631535,10277.637799107993,5103.132719682277,3629.809924816778,405.93393874825045,0.6969911125904673,0.5665380325965339,8.841530689683708,0.7498803077820245,0.01814903983988457,0.002706226258422757,0.046633278149387676,0.009722603940506953,25.86633752680541,190.51643056781177,0.0009999999999781416,7.365419578881213,25.86633752680541,19,compliant,braking,full_scale,,25.86633752680541,190.51643056781177,-0.5651391606130436
92300.00000000001,77529.93421294705,388732.2539761966,35499.97358062041,18038.762123835706,44860.00418731536,0.0,0.0,2.2927284318121792,1.0048960404684093,21.369030554424313,5.657038126731197,0.0,0.0,0.0,0.0,5.013963418419625,13.208739030744399,4.5,2.6343907986765496,0.0,20,rigid,start_off,full_scale,0.142364501953125,,,
92300.00000000001,78427.89475704214,402303.77213501633,35499.97614390099,17919.515353120238,41180.17224296431,12671.776763714379,1499.9614878747734,2.387890685326454,0.994490240441559,31.561363244061624,6.647224189924813,0.06335683400464902,0.009999690077305824,0.16182635270956117,0.038098033143916014,5.129600550687903,13.778817830977426,4.5,2.686138570911961,5.129600550687903,20,compliant,start_off,full_scale,0.5829453468322754,,,
92300.00000000001,85554.53731365349,2236711.8605227824,35499.8934087768,10214.119589510836,5103.132646610226,0.0,0.0,0.577817293348744,0.5606779809899348,6.422499683487363,0.5971251931783728,0.0,0.0,0.0,0.0,26.14369653268909,193.8371816455874,0.0010000000000199897,7.414298874930725,0.0,20,rigid,braking,full_scale,,26.14369653268909,193.8371816455874,-0.559143593118387
92300.00000000001,85546.4761834872,2212774.0271909004,35499.91938631535,10277.637799107993,5103.132719682277,3629.809924816778,405.93393874825045,0.6969911125904673,0.5665380325965339,8.841530689683708,0.7498803077820245,0.01814903983988457,0.002706226258422757,0.046633278149387676,0.009722603940506953,25.86633752680541,190.51643056781177,0.0009999999999781416,7.365419578881213,25.86633752680541,20,compliant,braking,full_scale,,25.86633752680541,190.51643056781177,-0.5651391606130436
92300.00000000001,80202.2303429332,490958.4245006497,35499.98534358968,16664.558365916753,44859.6179395071,0.0,0.0,2.2926724507338463,0.9295342488099314,21.365294160773658,5.119081920208227,0.0,0.0,0.0,0.0,6.121505878345054,18.476218639446987,5.0,3.0182473216655517,0.0,21,rigid,start_off,full_scale,0.15267062187194824,,,
92300.00000000001,81059.57800757214,513153.9854444108,35499.94307668178,16501.10592666936,41180.189990997955,12671.793368421942,1499.960909592511,2.387861650647835,0.9134051352940868,31.55892203764884,5.982268059181523,0.06335680423439909,0.009999750436081752,0.16181791886298538,0.03809799104985681,6.330578052065294,19.49097132959026,5.0,3.0788612430101714,6.330578052065294,21,compliant,start_off,full_scale,0.6181747913360596,,,
92300.00000000001,85554.53731365349,2236711.8605227824,35499.8934087768,10214.119589510836,5103.132646610226,0.0,0.0,0.577817293348744,0.5606779809899348,6.422499683487363,0.5971251931783728,0.0,0.0,0.0,0.0,26.14369653268909,193.8371816455874,0.0010000000000199897,7.414298874930725,0.0,21,rigid,braking,full_scale,,26.14369653268909,193.8371816455874,-0.559143593118387
92300.00000000001,85546.4761834872,2212774.0271909004,35499.91938631535,10277.637799107993,5103.132719682277,3629.809924816778,405.93393874825045,0.6969911125904673,0.5665380325965339,8.841530689683708,0.7498803077820245,0.01814903983988457,0.002706226258422757,0.046633278149387676,0.009722603940506953,25.86633752680541,190.51643056781177,0.0009999999999781416,7.365419578881213,25.86633752680541,21,compliant,braking,full_scale,,25.86633752680541,190.51643056781177,-0.5651391606130436
92300.00000000001,74118.92789514095,333194.5654433919,35499.98059483722,19492.774532553765,49636.4113206276,0.0,0.0,2.20750036459242,0.9853284210330129,19.248142457923507,5.5220769875901405,0.0,0.0,0.0,0.0,4.495404546525225,10.158806847981067,3.9999999999999996,2.259820399956194,0.0,22,rigid,start_off,full_scale,0.13920211791992188,,,
92300.00000000001,75783.32158091462,347536.6707673828,35499.89983609344,19410.31107393838,42139.37916348098,14938.544681674673,5498.924633005525,2.1777336979041024,0.9809492116805192,32.21379750355652,7.229394558865879,0.07468994225397758,0.03665930087840681,0.15965763710312977,0.10937281570725292,4.5859255508656265,10.681422340186765,4.0,2.3291748353485815,4.5859255508656265,22,compliant,start_off,full_scale,0.5167293548583984,,,
92300.00000000001,86065.18990415562,2210051.443589801,35499.96821213374,10621.489082959373,5838.882836025872,0.0,0.0,0.5777108855265851,0.5411726870106752,6.246764003380786,0.6030596343327134,0.0,0.0,0.0,0.0,25.678807495236697,180.42969051767523,0.0009999999999887555,7.02640451018412,0.0,22,rigid,braking,full_scale,,25.678807495236697,180.42969051767523,-0.5396598743376197
92300.00000000001,86044.24551125582,2187161.9477511183,35499.94466541549,10687.578013041026,5838.883294804905,4875.03993686548,1920.1468502247644,0.7489020187274491,0.5465233786004221,9.533039003196421,0.8162964307293926,0.024375199358448486,0.012801034925337131,0.051856413357662,0.03783532931595958,25.419038016493573,177.33784560914592,0.0010000000000036397,6.976575744441462,25.419038016493573,22,compliant,braking,full_scale,,25.419038016493573,177.33784560914592,-0.5451748899190116
92300.00000000001,77637.11261976593,432751.0876289952,35499.984928939404,17979.316343415583,49636.77589380738,0.0,0.0,2.207492958495834,0.9081034129781353,19.244295590252165,4.958602350022606,0.0,0.0,0.0,0.0,5.574023466694708,14.750058997937023,4.5,2.6462140239403773,0.0,23,rigid,start_off,full_scale,0.14870262145996094,,,
92300.00000000001,79218.75505658497,458699.9861783902,35499.93109394535,17800.181155768267,42139.63302114426,14938.533473944737,5498.924537555378,2.1777032123006848,0.8933286011782837,32.20984637111471,6.432477355935965,0.0746898701175493,0.03665930174591345,0.15965824251320035,0.10937270606686762,5.790295313915834,15.808968161648163,4.5,2.7302524950906895,5.790295313915834,23,compliant,start_off,full_scale,0.549027681350708,,,
92300.00000000001,86065.18990415562,2210051.443589801,35499.96821213374,10621.489082959373,5838.882836025872,0.0,0.0,0.5777108855265851,0.5411726870106752,6.246764003380786,0.6030596343327134,0.0,0.0,0.0,0.0,25.678807495236697,180.42969051767523,0.0009999999999887555,7.02640451018412,0.0,23,rigid,braking,full_scale,,25.678807495236697,180.42969051767523,-0.5396598743376197
92300.00000000001,86044.24551125582,2187161.9477511183,35499.94466541549,10687.578013041026,5838.883294804905,4875.03993686548,1920.1468502247644,0.7489020187274491,0.5465233786004221,9.533039003196421,0.8162964307293926,0.024375199358448486,0.012801034925337131,0.051856413357662,0.03783532931595958,25.419038016493573,177.33784560914592,0.0010000000000036397,6.976575744441462,25.419038016493573,23,compliant,braking,full_scale,,25.419038016493573,177.33784560914592,-0.5451748899190116
92300.00000000001,80340.43339708785,549043.884408824,35499.97767133374,16589.851428149195,49636.74389626067,0.0,0.0,2.2074547311898414,0.837668529044004,19.24085226459215,4.477500801063359,0.0,0.0,0.0,0.0,6.833967171861504,20.742667599697175,5.0,3.0352308063347992,0.0,24,rigid,start_off,full_scale,0.15350675582885742,,,
92300.00000000001,81805.29308146916,590419.5591203602,35499.638590266644,16345.190683962297,42139.63055461812,14938.549934821596,5498.92515540502,2.1776684220203606,0.8151975201774371,32.2002796515757,5.759791890110859,0.07468997490015955,0.03665925548771293,0.15965040536208336,0.10937246754176587,7.217376001970516,22.597251863015277,5.0,3.13095118567597,7.217376001970516,24,compliant,start_off,full_scale,0.5741755962371826,,,
92300.00000000001,86065.18990415562,2210051.443589801,35499.96821213374,10621.489082959373,5838.882836025872,0.0,0.0,0.5777108855265851,0.5411726870106752,6.246764003380786,0.6030596343327134,0.0,0.0,0.0,0.0,25.678807495236697,180.42969051767523,0.0009999999999887555,7.02640451018412,0.0,24,rigid,braking,full_scale,,25.678807495236697,180.42969051767523,-0.5396598743376197
92300.00000000001,86044.24551125582,2187161.9477511183,35499.94466541549,10687.578013041026,5838.883294804905,4875.03993686548,1920.1468502247644,0.7489020187274491,0.5465233786004221,9.533039003196421,0.8162964307293926,0.024375199358448486,0.012801034925337131,0.051856413357662,0.03783532931595958,25.419038016493573,177.33784560914592,0.0010000000000036397,6.976575744441462,25.419038016493573,24,compliant,braking,full_scale,,25.419038016493573,177.33784560914592,-0.5451748899190116
92300.00000000001,74152.10726419951,367883.9402870736,35499.82948151086,19434.230742132553,51887.02531303661,0.0,0.0,2.028260789822582,0.8956002650089752,17.514127720126766,4.952537745247,0.0,0.0,0.0,0.0,4.9612068201423485,11.248700217613207,3.9999999999999996,2.2673314543915746,0.0,25,rigid,start_off,full_scale,0.14712047576904297,,,
92300.00000000001,76660.74407113047,392494.3225653942,35499.92557624876,19351.12992283587,45285.900024190225,17279.00416309107,8581.07686169544,1.985146178013565,0.8892162048997458,32.83187778290073,7.068596043568965,0.08639287094339385,0.05720675373525644,0.15737045146866574,0.14539482224812178,5.119886681522609,12.119411243832989,3.9999999999999996,2.367124909365811,5.119886681522609,25,compliant,start_off,full_scale,0.5170297622680664,,,
92300.00000000001,86276.22748567931,2161557.239717386,35499.934185186845,11051.646028740131,6574.63340700416,0.0,0.0,0.5773828461642552,0.5242885960774983,6.105314191330962,0.6110791214584026,0.0,0.0,0.0,0.0,25.053914649619742,166.3460726809808,0.0010000000000117283,6.639524139612464,0.0,25,rigid,braking,full_scale,,25.053914649619742,166.3460726809808,-0.5227751113106254
92300.00000000001,86265.48349748502,2151722.386507149,35499.71273607925,11097.702759642383,6574.6358591380695,6089.550062604824,3376.8427096724695,0.8009338948038476,0.5264723015262961,10.222769383539212,0.8863716812027503,0.03044775024779281,0.022511986154921993,0.057082502116949825,0.05865548320345362,24.943028187744176,164.67839364373413,0.0010000000000192307,6.602181220166905,24.943028187744176,25,compliant,braking,full_scale,,24.943028187744176,164.67839364373413,-0.5250989987786444
92300.00000000001,77718.3970021324,479879.4831633471,35499.96590969915,17908.502251628543,51886.068324623026,0.0,0.0,2.0281870590708877,0.8233530259950567,17.511819026900042,4.43876131102178,0.0,0.0,0.0,0.0,6.1745931680780854,16.414197214690862,4.5,2.658344743257807,0.0,26,rigid,start_off,full_scale,0.15597820281982422,,,
92300.00000000001,80051.18734507098,523299.4465726797,35499.90279311767,17685.358549768967,45285.88385555188,17278.991568654572,8581.073547536507,1.985063730359002,0.8039507145545597,32.822150904590956,6.2539519584987,0.0863927933303789,0.05720674391677495,0.15736869682547008,0.14539407971133997,6.537060397579486,18.15388050850337,4.5,2.777070957867607,6.537060397579486,26,compliant,start_off,full_scale,0.552217960357666,,,
92300.00000000001,86276.22748567931,2161557.239717386,35499.934185186845,11051.646028740131,6574.63340700416,0.0,0.0,0.5773828461642552,0.5242885960774983,6.105314191330962,0.6110791214584026,0.0,0.0,0.0,0.0,25.053914649619742,166.3460726809808,0.0010000000000117283,6.639524139612464,0.0,26,rigid,braking,full_scale,,25.053914649619742,166.3460726809808,-0.5227751113106254
92300.00000000001,86265.48349748502,2151722.386507149,35499.71273607925,11097.702759642383,6574.6358591380695,6089.550062604824,3376.8427096724695,0.8009338948038476,0.5264723015262961,10.222769383539212,0.8863716812027503,0.03044775024779281,0.022511986154921993,0.057082502116949825,0.05865548320345362,24.943028187744176,164.67839364373413,0.0010000000000192307,6.602181220166905,24.943028187744176,26,compliant,braking,full_scale,,24.943028187744176,164.67839364373413,-0.5250989987786444
92300.00000000001,80459.35282097277,611807.3389966033,35499.980966500065,16504.984306595627,51886.1636019445,0.0,0.0,2.0281474612352213,0.7573097480819413,17.506156989726236,3.999063830643854,0.0,0.0,0.0,0.0,7.60393065002541,23.213041210718114,5.0,3.052768676702162,0.0,27,rigid,start_off,full_scale,0.1629476547241211,,,
92300.00000000001,82587.53902745909,680866.2464645952,35499.96742736174,16185.089742823715,45285.906285046556,17278.96070573801,8581.07814201738,1.9849384990738486,0.728209513836428,32.8118627949375,5.566608373273974,0.08639288248723351,0.05720672916053923,0.15736514154139108,0.1453951745774574,8.24417647604462,26.275373494578293,4.999999999999999,3.1871435146928526,8.24417647604462,27,compliant,start_off,full_scale,0.588883638381958,,,
92300.00000000001,86276.22748567931,2161557.239717386,35499.934185186845,11051.646028740131,6574.63340700416,0.0,0.0,0.5773828461642552,0.5242885960774983,6.105314191330962,0.6110791214584026,0.0,0.0,0.0,0.0,25.053914649619742,166.3460726809808,0.0010000000000117283,6.639524139612464,0.0,27,rigid,braking,full_scale,,25.053914649619742,166.3460726809808,-0.5227751113106254
92300.00000000001,86265.48349748502,2151722.386507149,35499.71273607925,11097.702759642383,6574.6358591380695,6089.550062604824,3376.8427096724695,0.8009338948038476,0.5264723015262961,10.222769383539212,0.8863716812027503,0.03044775024779281,0.022511986154921993,0.057082502116949825,0.05865548320345362,24.943028187744176,164.67839364373413,0.0010000000000192307,6.602181220166905,24.943028187744176,27,compliant,braking,full_scale,,24.943028187744176,164.67839364373413,-0.5250989987786444
