run_id,x1_coded,x2_coded,x3_coded,front_fill_pct,rear_fill_pct,speed_factor_mps,lambda_1,lambda_2,front_unit_mass_kg,rear_unit_mass_kg,front_liquid_mass_kg,rear_liquid_mass_kg,scale,total_movable_mass_kg,load_asymmetry,randomized_run_id,P_peak_W__rigid,P_peak_W__compliant,P_peak_W__reduction_pct,P_mean_W__rigid,P_mean_W__compliant,P_mean_W__reduction_pct,E_engine_J__rigid,E_engine_J__compliant,E_engine_J__reduction_pct,M_peak_Nm__rigid,M_peak_Nm__compliant,M_peak_Nm__reduction_pct,M_mean_Nm__rigid,M_mean_Nm__compliant,M_mean_Nm__reduction_pct,F_kch_peak_N__rigid,F_kch_peak_N__compliant,F_kch_peak_N__reduction_pct,F_chv1_peak_N__rigid,F_chv1_peak_N__compliant,F_chv1_peak_N__reduction_pct,F_v1v2_peak_N__rigid,F_v1v2_peak_N__compliant,F_v1v2_peak_N__reduction_pct,a_peak_m_s2__rigid,a_peak_m_s2__compliant,a_peak_m_s2__reduction_pct,a_rms_m_s2__rigid,a_rms_m_s2__compliant,a_rms_m_s2__reduction_pct,j_peak_m_s3__rigid,j_peak_m_s3__compliant,j_peak_m_s3__reduction_pct,j_rms_m_s3__rigid,j_rms_m_s3__compliant,j_rms_m_s3__reduction_pct,u1_peak_m__rigid,u1_peak_m__compliant,u1_peak_m__reduction_pct,u2_peak_m__rigid,u2_peak_m__compliant,u2_peak_m__reduction_pct,du1_peak_m_s__rigid,du1_peak_m_s__compliant,du1_peak_m_s__reduction_pct,du2_peak_m_s__rigid,du2_peak_m_s__compliant,du2_peak_m_s__reduction_pct,t_manoeuvre_s__rigid,t_manoeuvre_s__compliant,t_manoeuvre_s__reduction_pct,distance_m__rigid,distance_m__compliant,distance_m__reduction_pct,v_end_m_s__rigid,v_end_m_s__compliant,v_end_m_s__reduction_pct,v_mean_m_s__rigid,v_mean_m_s__compliant,v_mean_m_s__reduction_pct,settling_time_s__rigid,settling_time_s__compliant,settling_time_s__reduction_pct,wall_time_s__rigid,wall_time_s__compliant,wall_time_s__reduction_pct,braking_time_s__rigid,braking_time_s__compliant,braking_time_s__reduction_pct,braking_distance_m__rigid,braking_distance_m__compliant,braking_distance_m__reduction_pct,mean_decel_m_s2__rigid,mean_decel_m_s2__compliant,mean_decel_m_s2__reduction_pct
1,-1,-1,-1,0.0,0.0,4.0,0.0,0.0,700.0,700.0,0.0,0.0,full_scale,1400.0,0.0,8,92300.00000000001,92300.00000000001,0.0,73947.48179016546,74091.57435377086,-0.19485797232998547,240251.89452647715,241412.7749953792,-0.48319305501839693,35499.96171313364,35499.9813000632,-5.517450896132776e-05,19629.121509937708,19617.797302807878,0.057690850423932016,38292.75970821232,35761.72910943635,6.609684488822976,0.0,4506.160986654025,,0.0,2404.543632717414,,2.8088297653324616,2.628236486888113,6.4294846442206115,1.3425351999029322,1.335645937144128,0.5131532312376093,27.502764083455645,30.211982780237577,-9.850714235707198,7.517817575199427,7.412794634456276,1.396987086912187,0.0,0.022530810461431787,,0.0,0.016030318719792595,,0.0,0.10167950334543328,,0.0,0.10905906619795187,,3.248953023285089,3.2583026761273377,-0.2877743314612438,7.2741874602133745,7.3158682266327695,-0.5729954946496852,3.9999999999999996,3.9999999999999996,0.0,2.2389328032618514,2.2453003891255006,-0.2844027232247599,0.0,3.2583026761273377,,0.11556267738342285,0.671220064163208,-480.8277199533737,,,,,,,,,
2,-1,-1,0,0.0,0.0,4.5,0.0,0.0,700.0,700.0,0.0,0.0,full_scale,1400.0,0.0,20,92300.00000000001,92300.00000000001,0.0,77349.49877721796,77488.2273751499,-0.1793529371554279,308489.77975000045,310379.11459819344,-0.6124464965173562,35499.8496319202,35499.8766664516,-7.615393213969224e-05,18154.499035564273,18135.932079185706,0.10227192908046959,38292.75706802417,35761.76349244482,6.6095882599501286,0.0,4506.177920134977,,0.0,2404.548359561038,,2.808811734112396,2.628193907092623,6.430399902784863,1.2462675741414824,1.2388723420865735,0.5933903929100656,27.499092469182585,30.209501228390934,-9.856357122497126,6.785089554928623,6.68540816063435,1.4691242243348954,0.0,0.02253063820417586,,0.0,0.016030323381569168,,0.0,0.10168252396555001,,0.0,0.1090569155466374,,3.9882582903156587,4.005500256129624,-0.43231818400107774,10.420484638809116,10.495812553075176,-0.7228830220191044,4.5,4.5,0.0,2.6127908305268845,2.620350002292397,-0.2893140804535135,0.0,4.005500256129624,,0.12088251113891602,0.698636531829834,-477.9467395634869,,,,,,,,,
3,-1,-1,1,0.0,0.0,5.0,0.0,0.0,700.0,700.0,0.0,0.0,full_scale,1400.0,0.0,23,92300.00000000001,92300.00000000001,0.0,79966.50957010593,80093.30253792867,-0.15855758680023307,386599.4806571987,389279.6966985018,-0.6932797831872143,35499.866593460196,35499.757314046015,0.00030783049252535246,16804.96270528104,16783.248500899073,0.12921304713840298,38292.642624602704,35761.721422164876,6.609419013593313,0.0,4506.18291348101,,0.0,2404.5259357199684,,2.808777413640712,2.6281898584555847,6.429400717483387,1.1586511431500661,1.1511285147229027,0.6492574120896657,27.498212769931968,30.20613596764707,-9.847633445749223,6.162151087176593,6.0684541468688185,1.5205232553086405,0.0,0.022530707684063293,,0.0,0.016030148079642453,,0.0,0.10168027848717953,,0.0,0.10905500574622701,,4.8345173840340046,4.860327697364658,-0.53387569596693,14.44475589518164,14.560811324666657,-0.8034433418409678,5.0,5.0,0.0,2.987838250485723,2.9958497243183,-0.268136129232397,0.0,4.860327697364658,,0.12547850608825684,0.7109673023223877,-466.6048508916102,,,,,,,,,
4,-1,0,-1,0.0,50.0,4.0,0.0,0.5,700.0,3200.0,0.0,2500.0,full_scale,3900.0,0.6410256410256409,22,92300.00000000001,92300.00000000001,0.0,73987.10112987658,74669.1497282542,-0.9218479815560708,269560.139983531,273095.7288803504,-1.311614134432286,35499.984096962566,35499.97751552836,1.8539259597433e-05,19582.62167091632,19599.18601157594,-0.08458694110514291,41564.70895133679,38281.808080199036,7.898289086978366,0.0,7824.580203046344,,0.0,6523.931373078839,,2.5065353069974208,2.411907171830535,3.77525642278867,1.203012914430284,1.1982237279569794,0.398099340070056,24.037313931550216,30.919574459332523,-28.631570679571585,6.766220165178693,7.380809897720491,-9.083206244229084,0.0,0.03912288558845957,,0.0,0.04349263903230746,,0.0,0.16910913115952125,,0.0,0.15895738519782118,,3.6433396614681044,3.6574104549768727,-0.38620592138528115,8.180312757993045,8.30144270026035,-1.4807495245086908,4.0,4.0,0.0,2.2452786624319065,2.2697596688059547,-1.090332651517397,0.0,3.6574104549768727,,0.12287306785583496,0.6937355995178223,-464.59532721342265,,,,,,,,,
5,-1,0,0,0.0,50.0,4.5,0.0,0.5,700.0,3200.0,0.0,2500.0,full_scale,3900.0,0.6410256410256409,18,92300.00000000001,92300.00000000001,0.0,77428.6878232625,78089.45185496662,-0.8533839979470811,347383.6637762989,354346.7158634317,-2.0044270393833736,35499.97574135144,35499.84752730101,0.00036116658602945164,18096.227028949295,18061.421960604806,0.19233328742400194,41564.394888394454,38281.71808192447,7.897809688519176,0.0,7824.582658682058,,0.0,6523.935262635255,,2.5064930578441817,2.41188759714953,3.774415428703455,1.1141975936262063,1.1044892838982494,0.8713274722090142,24.035515581198183,30.91602712243099,-28.626436233450704,6.097079436691083,6.6256861083453,-8.66983409258473,0.0,0.03912283380877493,,0.0,0.04349264463069446,,0.0,0.16910625579909622,,0.0,0.15896022530490275,,4.4864981383803295,4.537702691543411,-1.1413033413531553,11.768793153097022,12.048285038425037,-2.374855957549612,4.500000000000001,4.5,1.9737298215558335e-14,2.6231579390377786,2.655150835999671,-1.219632889265834,0.0,4.537702691543411,,0.13167333602905273,0.7324929237365723,-456.2955612934066,,,,,,,,,
6,-1,0,1,0.0,50.0,5.0,0.0,0.5,700.0,3200.0,0.0,2500.0,full_scale,3900.0,0.6410256410256409,6,92300.00000000001,92300.00000000001,0.0,80073.26055098194,80693.7301495124,-0.7748773988482828,436951.7474184221,448326.1456935725,-2.6031245652070467,35499.99973926044,35499.82885641268,0.00048136013808197664,16735.46594581386,16665.398736469517,0.41867498384094304,41564.706384303696,38281.249322258525,7.899627707427088,0.0,7824.56471799731,,0.0,6523.930918507199,,2.506484128056343,2.411869538483529,3.774793086209674,1.0334094098930118,1.020086924878812,1.2891778308443134,24.032922723806735,30.907113703868674,-28.603225080287242,5.527825622812717,5.98691109336466,-8.304991905991914,0.0,0.0391228697666661,,0.0,0.04349256944324571,,0.0,0.16910740207697245,,0.0,0.15895775516560404,,5.4568996492932715,5.555898145529979,-1.814189422551119,16.383679050786608,16.890616539109846,-3.0941614929822467,5.0,5.0,0.0,3.002378672603192,3.0401235174630905,-1.2571647009193572,0.0,5.555898145529979,,0.13902926445007324,0.7584249973297119,-445.51464422231027,,,,,,,,,
7,-1,1,-1,0.0,100.0,4.0,0.0,1.0,700.0,5700.0,0.0,5000.0,full_scale,6400.0,0.7812499999999999,16,92300.00000000001,92300.00000000001,0.0,74049.6910482716,75380.53314744298,-1.7972284290880136,300480.70642089867,304533.7736246183,-1.3488610473520042,35499.98361706523,35499.89901474216,0.000238316512994202,19538.817701789263,19639.690456435244,-0.5162684671383363,44859.60072361631,41856.10100920557,6.695333141539866,0.0,12726.593307619241,,0.0,11361.819338200285,,2.29272899400587,2.2378467401534863,2.393752336009545,1.0877605238594161,1.0858603849736037,0.17468356721299771,21.37015480902869,31.595184662079305,-47.84724277584847,6.2887089998474535,7.0003221832908515,-11.315727655082462,0.0,0.06363292140365878,,0.0,0.07574504362983629,,0.0,0.19376362788897933,,0.0,0.20582892289499827,,4.057825254463532,4.0399525037711745,0.4404514628297023,9.139139240515668,9.260268950373487,-1.3253951676414544,4.0,4.0,0.0,2.252225937693216,2.292172738912239,-1.7736586969572508,0.0,4.0399525037711745,,0.1347346305847168,0.6455233097076416,-379.10719531142166,,,,,,,,,
8,-1,1,0,0.0,100.0,4.5,0.0,1.0,700.0,5700.0,0.0,5000.0,full_scale,6400.0,0.7812499999999999,27,92300.00000000001,92300.00000000001,0.0,77529.93421294705,78822.38037163398,-1.66702857651993,388732.2539761966,399760.05816151854,-2.8368636953899977,35499.97358062041,35499.97551053952,-5.436395909800276e-06,18038.762123835706,18018.38793770304,0.11294669774344132,44860.00418731536,41856.02655200028,6.696338285595807,0.0,12726.588401919873,,0.0,11361.816879725955,,2.2927284318121792,2.237847995108268,2.3936736659445277,1.0048960404684093,0.9935360008799242,1.1304691362093395,21.369030554424313,31.59102954978789,-47.83557667405357,5.657038126731197,6.246974492095804,-10.428361134371379,0.0,0.06363289744634479,,0.0,0.07574503487116774,,0.0,0.19375303493959023,,0.0,0.20582537122543737,,5.013963418419625,5.071656758863645,-1.150653397910205,13.208739030744399,13.65253273006725,-3.3598490990690792,4.5,4.5,0.0,2.6343907986765496,2.69192759663676,-2.1840646417803926,0.0,5.071656758863645,,0.15550613403320312,0.6793954372406006,-336.89301484116277,,,,,,,,,
9,-1,1,1,0.0,100.0,5.0,0.0,1.0,700.0,5700.0,0.0,5000.0,full_scale,6400.0,0.7812499999999999,19,92300.00000000001,92300.00000000001,0.0,80202.2303429332,81417.81277645617,-1.5156466700805131,490958.4245006497,511406.56135676446,-4.16494265821234,35499.98534358968,35499.98176390717,1.0083616868616487e-05,16664.558365916753,16559.486634929646,0.6305101442232357,44859.6179395071,41856.08953196627,6.69539453410208,0.0,12726.595137951655,,0.0,11361.816261061149,,2.2926724507338463,2.2377795980834776,2.3942736622843097,0.9295342488099314,0.9110274287238505,1.990977751468002,21.365294160773658,31.583792454819644,-47.82755723909941,5.119081920208227,5.612074624027275,-9.630490613422227,0.0,0.06363287403706122,,0.0,0.07574498398867063,,0.0,0.1937476259828021,,0.0,0.20582658060394995,,6.121505878345054,6.281261359364955,-2.609741527571492,18.476218639446987,19.40585228761262,-5.031514653008344,5.0,5.0,0.0,3.0182473216655517,3.089483346760859,-2.3601785242700877,0.0,6.281261359364955,,0.15247893333435059,0.7068724632263184,-363.58696756902975,,,,,,,,,
10,0,-1,-1,50.0,0.0,4.0,0.5,0.0,3200.0,700.0,2500.0,0.0,full_scale,3900.0,0.6410256410256409,11,92300.00000000001,92300.00000000001,0.0,73987.10112987658,74525.21009383319,-0.7273010507764206,269560.139983531,273881.94432127295,-1.6032801949153264,35499.984096962566,35499.97627278611,2.2039943554365395e-05,19582.62167091632,19539.079261260224,0.22235229984943566,41564.70895133679,39476.3409543303,5.02437777069849,0.0,9430.846639985515,,0.0,1721.10069207186,,2.5065353069974208,2.444803818070909,2.4628214393859813,1.203012914430284,1.2024635102353152,0.045669018875738564,24.037313931550216,30.904728529989427,-28.56980866495809,6.766220165178693,7.9616309060011865,-17.6673343704435,0.0,0.047152629153864034,,0.0,0.011473989106596914,,0.0,0.15169860354928616,,0.0,0.05812427972826312,,3.6433396614681044,3.675024115684259,-0.8696541404373839,8.180312757993045,8.342748188138128,-1.9856872829998544,4.0,4.0,0.0,2.2452786624319065,2.270120676415437,-1.106411172884148,0.0,3.675024115684259,,0.1225433349609375,0.5579867362976074,-355.3382984684348,,,,,,,,,
11,0,-1,0,50.0,0.0,4.5,0.5,0.0,3200.0,700.0,2500.0,0.0,full_scale,3900.0,0.6410256410256409,10,92300.00000000001,92300.00000000001,0.0,77428.6878232625,77948.54904499944,-0.6714064726546372,347383.6637762989,354794.4716335801,-2.133320771829225,35499.97574135144,35499.997265764534,-6.0632190998461165e-05,18096.227028949295,18023.986566913343,0.39920178897173414,41564.394888394454,39476.392249906516,5.023536717169789,0.0,9430.855821030404,,0.0,1721.1003330694975,,2.5064930578441817,2.444778873974087,2.4621725433053663,1.1141975936262063,1.1091410775989663,0.45382578962348497,24.035515581198183,30.90048616976003,-28.561777946348606,6.097079436691083,7.153321576832693,-17.32373919528327,0.0,0.047152646639251915,,0.0,0.01147399653111648,,0.0,0.1517013995957012,,0.0,0.05812419274837502,,4.4864981383803295,4.551649465967076,-1.4521643735768188,11.768793153097022,12.073988436879379,-2.5932589672717907,4.500000000000001,4.5,1.9737298215558335e-14,2.6231579390377786,2.6526622017481247,-1.1247611998981963,0.0,4.551649465967076,,0.1299142837524414,0.5925889015197754,-356.13837401358046,,,,,,,,,
12,0,-1,1,50.0,0.0,5.0,0.5,0.0,3200.0,700.0,2500.0,0.0,full_scale,3900.0,0.6410256410256409,7,92300.00000000001,92300.00000000001,0.0,80073.26055098194,80561.21368878154,-0.6093833752266491,436951.7474184221,448298.71677637787,-2.5968472319873825,35499.99973926044,35499.98324122457,4.647334083422206e-05,16735.46594581386,16644.069089772656,0.546126748649414,41564.706384303696,39475.67695370735,5.0259694156897465,0.0,9430.865562269975,,0.0,1721.0992228121988,,2.506484128056343,2.4447408929949006,2.46334035672993,1.0334094098930118,1.0250040997335776,0.8133572308291955,24.032922723806735,30.89430763290619,-28.54993954731377,5.527825622812717,6.468509779292997,-17.01725453491482,0.0,0.04715267542436408,,0.0,0.011473963279774279,,0.0,0.15169477830983305,,0.0,0.0581241049586741,,5.4568996492932715,5.564696660457651,-1.97542593949552,16.383679050786608,16.891748345417497,-3.1010696257901613,5.0,5.000000000000001,-1.7763568394002505e-14,3.002378672603192,3.0355200742298507,-1.1038381643553195,0.0,5.564696660457651,,0.13686037063598633,0.6240918636322021,-356.0062644372981,,,,,,,,,
13,0,0,-1,50.0,50.0,4.0,0.5,0.5,3200.0,3200.0,2500.0,2500.0,full_scale,6400.0,0.0,17,92300.00000000001,92300.00000000001,0.0,74049.6910482716,75245.74403326683,-1.6152032075536205,300480.70642089867,309287.4535848882,-2.9308860688224896,35499.98361706523,35499.946394616294,0.00010485201721328918,19538.817701789263,19509.513773079267,0.14997800356831673,44859.60072361631,41619.36525163851,7.223059099302194,0.0,11478.445886971866,,0.0,5695.532479635795,,2.29272899400587,2.375029218566283,-3.5896185190477974,1.0877605238594161,1.0814400761854157,0.5810513927803913,21.37015480902869,31.581620168396398,-47.7837687682705,6.2887089998474535,7.462397643558413,-18.663427481529673,0.0,0.05739155024084077,,0.0,0.037970093734434426,,0.0,0.15010048139607812,,0.0,0.12933644262580768,,4.057825254463532,4.110364746319066,-1.294769699551282,9.139139240515668,9.452334658426524,-3.4269684449318523,4.0,3.9999999999999996,1.1102230246251565e-14,2.252225937693216,2.299634044196718,-2.1049445222204675,0.0,4.110364746319066,,0.13527178764343262,0.5285277366638184,-290.71542253657657,,,,,,,,,
14,0,0,0,50.0,50.0,4.5,0.5,0.5,3200.0,3200.0,2500.0,2500.0,full_scale,6400.0,0.0,4,92300.00000000001,92300.00000000001,0.0,77529.93421294705,78664.84796449162,-1.4638394357815054,388732.2539761966,404421.14974230935,-4.035913049569966,35499.97358062041,35499.99185214582,-5.146912395160938e-05,18038.762123835706,17938.06328057768,0.558235884295886,44860.00418731536,41619.32662820126,7.223979617974341,0.0,11478.445600477948,,0.0,5695.534806594728,,2.2927284318121792,2.375013818968,-3.5889722487011815,1.0048960404684093,0.9911126286554072,1.3716256466268204,21.369030554424313,31.574208553382334,-47.75685997063216,5.657038126731197,6.671595052507156,-17.934419090829067,0.0,0.057391481177536674,,0.0,0.03797009944780614,,0.0,0.15009925530732637,,0.0,0.12933510816346422,,5.013963418419625,5.141065675546214,-2.53496578494486,13.208739030744399,13.83977838278734,-4.77743825942921,4.5,4.5,0.0,2.6343907986765496,2.6920057664889976,-2.187031925612263,0.0,5.141065675546214,,0.14477777481079102,0.5601701736450195,-286.91724221974107,,,,,,,,,
15,0,0,1,50.0,50.0,5.0,0.5,0.5,3200.0,3200.0,2500.0,2500.0,full_scale,6400.0,0.0,1,92300.00000000001,92300.00000000001,0.0,80202.2303429332,81253.15246686543,-1.3103402728809963,490958.4245006497,515602.59752968955,-5.019604878784855,35499.98534358968,35499.915724069986,0.00019611140404826672,16664.558365916753,16515.27911907323,0.8957887965926282,44859.6179395071,41619.36200329213,7.223101945684052,0.0,11478.443541270408,,0.0,5695.528363674932,,2.2926724507338463,2.3749771320377704,-3.5899014391514905,0.9295342488099314,0.9102662416454541,2.0728668351000334,21.365294160773658,31.570570896215855,-47.76567389452996,5.119081920208227,6.003763902117872,-17.282043844956846,0.0,0.0573914971937709,,0.0,0.037970071149355175,,0.0,0.1500934704993249,,0.0,0.12933545645605682,,6.121505878345054,6.345631915511824,-3.6612892582463976,18.476218639446987,19.56897306908835,-5.914383516269489,5.0,4.999999999999999,1.7763568394002505e-14,3.0182473216655517,3.0838493960206024,-2.173515532810933,0.0,6.345631915511824,,0.15284252166748047,0.5860929489135742,-283.4619728328352,,,,,,,,,
16,0,1,-1,50.0,100.0,4.0,0.5,1.0,3200.0,5700.0,2500.0,5000.0,full_scale,8900.0,0.28089887640449435,24,92300.00000000001,92300.00000000001,0.0,74118.92789514095,76062.72030872166,-2.622531745643533,333194.5654433919,347293.0335382778,-4.231301934989433,35499.98059483722,35499.97618419845,1.2424341361143386e-05,19492.774532553765,19470.2616165229,0.11549364608545981,49636.4113206276,43129.11691723975,13.109921185385112,0.0,14758.65012468011,,0.0,9368.081524758965,,2.20750036459242,2.1470111816166764,2.7401663866502615,0.9853284210330129,0.9811106307458944,0.4280593350485649,19.248142457923507,32.22735632975895,-67.430994446389,5.5220769875901405,7.225356469083902,-30.844906460405586,0.0,0.07379322022639137,,0.0,0.062453524626782206,,0.0,0.1482831930311341,,0.0,0.1524691338972639,,4.495404546525225,4.565877109426176,-1.5676578641943106,10.158806847981067,10.65234916884834,-4.858270545476106,3.9999999999999996,3.9999999999999996,0.0,2.259820399956194,2.3330345873552196,-3.2398232797812154,0.0,4.565877109426176,,0.13749241828918457,0.47821831703186035,-247.81431804191197,,,,,,,,,
17,0,1,0,50.0,100.0,4.5,0.5,1.0,3200.0,5700.0,2500.0,5000.0,full_scale,8900.0,0.28089887640449435,21,92300.00000000001,92300.00000000001,0.0,77637.11261976593,79463.59451348407,-2.352588642320438,432751.0876289952,458946.7757475071,-6.053292266008106,35499.984928939404,35499.934722777965,0.00014142586691046427,17979.316343415583,17836.461173876924,0.7945528451140258,49636.77589380738,43128.91213667549,13.110971935515664,0.0,14758.649868016239,,0.0,9368.081856381046,,2.207492958495834,2.1469534001797683,2.74245759575681,0.9081034129781353,0.8926471160147244,1.7020415012781307,19.244295590252165,32.221856513415275,-67.43588437571417,4.958602350022606,6.422989254429633,-29.53225124818389,0.0,0.07379322114093632,,0.0,0.06245349548571793,,0.0,0.14828272232872267,,0.0,0.1524693655396053,,5.574023466694708,5.775560224243683,-3.6156424305203387,14.750058997937023,15.802272727476623,-7.133623870160556,4.5,4.5,0.0,2.6462140239403773,2.7360588721830843,-3.3952222847387996,0.0,5.775560224243683,,0.1467432975769043,0.511458158493042,-248.5393656395109,,,,,,,,,
18,0,1,1,50.0,100.0,5.0,0.5,1.0,3200.0,5700.0,2500.0,5000.0,full_scale,8900.0,0.28089887640449435,13,92300.00000000001,92300.00000000001,0.0,80340.43339708785,82017.92984928808,-2.0879853160725315,549043.884408824,591378.7424558229,-7.710651051615367,35499.97767133374,35499.70328931093,0.0007729075926572588,16589.851428149195,16364.906372723293,1.35591965003509,49636.74389626067,43128.39596642561,13.111955819336806,0.0,14758.649356905808,,0.0,9368.07360741955,,2.2074547311898414,2.146849100769032,2.745498223111579,0.837668529044004,0.8139156926978621,2.835588961811662,19.24085226459215,32.21257082497917,-67.41758827522487,4.477500801063359,5.746757416039023,-28.347434682183184,0.0,0.07379322227429384,,0.0,0.062453517164746994,,0.0,0.14827549129134152,,0.0,0.15246887232060236,,6.833967171861504,7.210359290249217,-5.507666468423897,20.742667599697175,22.627434826720673,-9.086426410511514,5.0,5.0,0.0,3.0352308063347992,3.138184104693656,-3.391942983182162,0.0,7.210359290249217,,0.1674182415008545,0.5431423187255859,-224.42242485435125,,,,,,,,,
19,1,-1,-1,100.0,0.0,4.0,1.0,0.0,5700.0,700.0,5000.0,0.0,full_scale,6400.0,0.7812499999999999,12,92300.00000000001,92300.00000000001,0.0,74049.6910482716,74954.16693642584,-1.2214445129347342,300480.70642089867,307486.8198861994,-2.331635048636661,35499.98361706523,35499.9883306799,-1.3277793944439062e-05,19538.817701789263,19484.240024607894,0.27932947640107714,44859.60072361631,41179.920596710326,8.202659113211459,0.0,12671.793354370237,,0.0,1499.9627184615583,,2.29272899400587,2.387941703004458,-4.152811311215274,1.0877605238594161,1.0850074916758525,0.2530917534859358,21.37015480902869,31.569596580573545,-47.7275053114528,6.2887089998474535,7.434094843103494,-18.21337007776674,0.0,0.06335678862522924,,0.0,0.009999705344225618,,0.0,0.161823245190727,,0.0,0.038098200736681326,,4.057825254463532,4.102331230590577,-1.096793807916919,9.139139240515668,9.405870204623506,-2.918556738093727,4.0,4.0,0.0,2.252225937693216,2.2928110194850766,-1.8019986855061576,0.0,4.102331230590577,,0.13294100761413574,0.5477001667022705,-311.9873743487657,,,,,,,,,
20,1,-1,0,100.0,0.0,4.5,1.0,0.0,5700.0,700.0,5000.0,0.0,full_scale,6400.0,0.7812499999999999,15,92300.00000000001,92300.00000000001,0.0,77529.93421294705,78427.89475704214,-1.1582114098390968,388732.2539761966,402303.77213501633,-3.4912251350387793,35499.97358062041,35499.97614390099,-7.22051404203019e-06,18038.762123835706,17919.515353120238,0.6610585022233889,44860.00418731536,41180.17224296431,8.202923764754262,0.0,12671.776763714379,,0.0,1499.9614878747734,,2.2927284318121792,2.387890685326454,-4.150611655260808,1.0048960404684093,0.994490240441559,1.0355101033137613,21.369030554424313,31.561363244061624,-47.69674816870463,5.657038126731197,6.647224189924813,-17.503613039387,0.0,0.06335683400464902,,0.0,0.009999690077305824,,0.0,0.16182635270956117,,0.0,0.038098033143916014,,5.013963418419625,5.129600550687903,-2.3063018737525365,13.208739030744399,13.778817830977426,-4.31592144341805,4.5,4.5,0.0,2.6343907986765496,2.686138570911961,-1.9643164659323946,0.0,5.129600550687903,,0.142364501953125,0.5829453468322754,-309.47380760986067,,,,,,,,,
21,1,-1,1,100.0,0.0,5.0,1.0,0.0,5700.0,700.0,5000.0,0.0,full_scale,6400.0,0.7812499999999999,26,92300.00000000001,92300.00000000001,0.0,80202.2303429332,81059.57800757214,-1.068982322527754,490958.4245006497,513153.9854444108,-4.520863648757242,35499.98534358968,35499.94307668178,0.00011906176154419998,16664.558365916753,16501.10592666936,0.9808387096635921,44859.6179395071,41180.189990997955,8.202093815134205,0.0,12671.793368421942,,0.0,1499.960909592511,,2.2926724507338463,2.387861650647835,-4.15188832942623,0.9295342488099314,0.9134051352940868,1.735182273971553,21.365294160773658,31.55892203764884,-47.71115155339412,5.119081920208227,5.982268059181523,-16.86212786643946,0.0,0.06335680423439909,,0.0,0.009999750436081752,,0.0,0.16181791886298538,,0.0,0.03809799104985681,,6.121505878345054,6.330578052065294,-3.415371607496723,18.476218639446987,19.49097132959026,-5.4922097965260095,5.0,5.0,0.0,3.0182473216655517,3.0788612430101714,-2.008248989720674,0.0,6.330578052065294,,0.15267062187194824,0.6181747913360596,-304.9074954673013,,,,,,,,,
22,1,0,-1,100.0,50.0,4.0,1.0,0.5,5700.0,3200.0,5000.0,2500.0,full_scale,8900.0,0.28089887640449435,3,92300.00000000001,92300.00000000001,0.0,74118.92789514095,75783.32158091462,-2.245571722419346,333194.5654433919,347536.6707673828,-4.304423544515319,35499.98059483722,35499.89983609344,0.000227489543453254,19492.774532553765,19410.31107393838,0.4230462855745179,49636.4113206276,42139.37916348098,15.103896429416215,0.0,14938.544681674673,,0.0,5498.924633005525,,2.20750036459242,2.1777336979041024,1.348433149355939,0.9853284210330129,0.9809492116805192,0.44444159520970244,19.248142457923507,32.21379750355652,-67.3605521882227,5.5220769875901405,7.229394558865879,-30.91803274587846,0.0,0.07468994225397758,,0.0,0.03665930087840681,,0.0,0.15965763710312977,,0.0,0.10937281570725292,,4.495404546525225,4.5859255508656265,-2.013634221426655,10.158806847981067,10.681422340186765,-5.144457415385958,3.9999999999999996,4.0,-1.1102230246251567e-14,2.259820399956194,2.3291748353485815,-3.0690242195234645,0.0,4.5859255508656265,,0.13920211791992188,0.5167293548583984,-271.2079690882683,,,,,,,,,
23,1,0,0,100.0,50.0,4.5,1.0,0.5,5700.0,3200.0,5000.0,2500.0,full_scale,8900.0,0.28089887640449435,5,92300.00000000001,92300.00000000001,0.0,77637.11261976593,79218.75505658497,-2.0372247027851964,432751.0876289952,458699.9861783902,-5.99626420156833,35499.984928939404,35499.93109394535,0.00015164793495575602,17979.316343415583,17800.181155768267,0.9963403737145965,49636.77589380738,42139.63302114426,15.104008545402833,0.0,14938.533473944737,,0.0,5498.924537555378,,2.207492958495834,2.1777032123006848,1.3494831809315377,0.9081034129781353,0.8933286011782837,1.6269966161009644,19.244295590252165,32.20984637111471,-67.37347553230266,4.958602350022606,6.432477355935965,-29.72359753563701,0.0,0.0746898701175493,,0.0,0.03665930174591345,,0.0,0.15965824251320035,,0.0,0.10937270606686762,,5.574023466694708,5.790295313915834,-3.879995276542515,14.750058997937023,15.808968161648163,-7.179016462640876,4.5,4.5,0.0,2.6462140239403773,2.7302524950906895,-3.175800233466137,0.0,5.790295313915834,,0.14870262145996094,0.549027681350708,-269.21183766658544,,,,,,,,,
24,1,0,1,100.0,50.0,5.0,1.0,0.5,5700.0,3200.0,5000.0,2500.0,full_scale,8900.0,0.28089887640449435,25,92300.00000000001,92300.00000000001,0.0,80340.43339708785,81805.29308146916,-1.8233156362763803,549043.884408824,590419.5591203602,-7.535950383289831,35499.97767133374,35499.638590266644,0.0009551585362571895,16589.851428149195,16345.190683962297,1.4747615145712802,49636.74389626067,42139.63055461812,15.103958787690217,0.0,14938.549934821596,,0.0,5498.92515540502,,2.2074547311898414,2.1776684220203606,1.3493508495834765,0.837668529044004,0.8151975201774371,2.682565727067742,19.24085226459215,32.2002796515757,-67.35370766726403,4.477500801063359,5.759791890110859,-28.638545162135298,0.0,0.07468997490015955,,0.0,0.03665925548771293,,0.0,0.15965040536208336,,0.0,0.10937246754176587,,6.833967171861504,7.217376001970516,-5.61034053086584,20.742667599697175,22.597251863015277,-8.94091492525859,5.0,5.0,0.0,3.0352308063347992,3.13095118567597,-3.153644169049481,0.0,7.217376001970516,,0.15350675582885742,0.5741755962371826,-274.0393008352825,,,,,,,,,
25,1,1,-1,100.0,100.0,4.0,1.0,1.0,5700.0,5700.0,5000.0,5000.0,full_scale,11400.0,0.0,2,92300.00000000001,92300.00000000001,0.0,74152.10726419951,76660.74407113047,-3.3830957736545924,367883.9402870736,392494.3225653942,-6.689713679568674,35499.82948151086,35499.92557624876,-0.0002706907027511617,19434.230742132553,19351.12992283587,0.4276002502971464,51887.02531303661,45285.900024190225,12.722111643559288,0.0,17279.00416309107,,0.0,8581.07686169544,,2.028260789822582,1.985146178013565,2.1256936990232034,0.8956002650089752,0.8892162048997458,0.7128247231107441,17.514127720126766,32.83187778290073,-87.45939453879407,4.952537745247,7.068596043568965,-42.726747521566445,0.0,0.08639287094339385,,0.0,0.05720675373525644,,0.0,0.15737045146866574,,0.0,0.14539482224812178,,4.9612068201423485,5.119886681522609,-3.1984125462382518,11.248700217613207,12.119411243832989,-7.740547879980152,3.9999999999999996,3.9999999999999996,0.0,2.2673314543915746,2.367124909365811,-4.401361555715528,0.0,5.119886681522609,,0.14712047576904297,0.5170297622680664,-251.4329052875858,,,,,,,,,
26,1,1,0,100.0,100.0,4.5,1.0,1.0,5700.0,5700.0,5000.0,5000.0,full_scale,11400.0,0.0,14,92300.00000000001,92300.00000000001,0.0,77718.3970021324,80051.18734507098,-3.001593487414017,479879.4831633471,523299.4465726797,-9.048097477122761,35499.96590969915,35499.90279311767,0.00017779335801431677,17908.502251628543,17685.358549768967,1.2460210168568577,51886.068324623026,45285.88385555188,12.720533049020723,0.0,17278.991568654572,,0.0,8581.073547536507,,2.0281870590708877,1.985063730359002,2.1262007623517984,0.8233530259950567,0.8039507145545597,2.3564996821440563,17.511819026900042,32.822150904590956,-87.42856384121258,4.43876131102178,6.2539519584987,-40.894081034942424,0.0,0.0863927933303789,,0.0,0.05720674391677495,,0.0,0.15736869682547008,,0.0,0.14539407971133997,,6.1745931680780854,6.537060397579486,-5.870301405043384,16.414197214690862,18.15388050850337,-10.59864988252654,4.5,4.5,0.0,2.658344743257807,2.777070957867607,-4.466170721871876,0.0,6.537060397579486,,0.15597820281982422,0.552217960357666,-254.0353397939531,,,,,,,,,
27,1,1,1,100.0,100.0,5.0,1.0,1.0,5700.0,5700.0,5000.0,5000.0,full_scale,11400.0,0.0,9,92300.00000000001,92300.00000000001,0.0,80459.35282097277,82587.53902745909,-2.6450451462388402,611807.3389966033,680866.2464645952,-11.287688634342345,35499.980966500065,35499.96742736174,3.813843825885106e-05,16504.984306595627,16185.089742823715,1.938169451297674,51886.1636019445,45285.906285046556,12.720650089941493,0.0,17278.96070573801,,0.0,8581.07814201738,,2.0281474612352213,1.9849384990738486,2.1304645242637714,0.7573097480819413,0.728209513836428,3.8425801753135067,17.506156989726236,32.8118627949375,-87.4304155628997,3.999063830643854,5.566608373273974,-39.19778750762633,0.0,0.08639288248723351,,0.0,0.05720672916053923,,0.0,0.15736514154139108,,0.0,0.1453951745774574,,7.60393065002541,8.24417647604462,-8.419932472912166,23.213041210718114,26.275373494578293,-13.192292453460231,5.0,4.999999999999999,1.7763568394002505e-14,3.052768676702162,3.1871435146928526,-4.4017366601079315,0.0,8.24417647604462,,0.1629476547241211,0.588883638381958,-261.39436273505675,,,,,,,,,
