response,term,coefficient,std_error,t_value,p_value,ci_low,ci_high,std_coefficient
P_mean_W,const,78664.76593501518,12.352580037398349,6368.286276781999,1.176963842778288e-55,78638.70426922584,78690.82760080452,29.97901259589983
P_mean_W,x1,544.5731982529771,5.718133441336283,95.2361821982445,1.2386995890096059e-24,532.5089912423169,556.6374052636373,0.17268034659046136
P_mean_W,x2,739.7069230657584,5.718133441336279,129.36160561039569,6.83763230642181e-27,727.6427160550983,751.7711300764184,0.23455588387407492
P_mean_W,x3,3006.4659628651093,5.718133441336282,525.7775100405006,3.057026959595062e-37,2994.401755854449,3018.5301698757694,0.9533292974121024
P_mean_W,x1x2,75.85072616138791,7.003254606209351,10.83078231857168,4.747566359353925e-09,61.075150497675445,90.62630182510037,0.019638158538565115
P_mean_W,x1x3,-0.7842255333089393,7.003254606209354,-0.11198015457179222,0.9121507340552316,-15.559801197021411,13.991350130403532,-0.00020304018343006363
P_mean_W,x2x3,-18.654893695357526,7.003254606209349,-2.6637463214342367,0.01636606161637949,-33.43046935906999,-3.879318031645065,-0.004829851715987929
P_mean_W,x1^2,-10.626764926581904,9.904097644853113,-1.0729664940353594,0.29828165089441294,-31.52258442207392,10.269054568910109,-0.001945481452462017
P_mean_W,x2^2,42.62590964108572,9.90409764485311,4.303866053182265,0.0004809570793002875,21.730090145593714,63.521729136577726,0.007803684110261757
P_mean_W,x3^2,-415.9478182085635,9.904097644853113,-41.997548199125454,1.2906094519477556e-18,-436.8436377040555,-395.0519987130715,-0.07614911698033469
E_engine_J,const,404161.6526405634,1449.7940026318452,278.7717785470758,1.476229159123852e-32,401102.8546691616,407220.45061196515,3.6807413829520543
E_engine_J,x1,54651.12440344991,671.1242140831307,81.43220473442848,1.7646515464761915e-23,53235.176081916274,56067.07272498355,0.41412254994382514
E_engine_J,x2,53832.64799990254,671.1242140831303,80.21264450046269,2.279250542633153e-23,52416.6996783689,55248.59632143618,0.40792049026059396
E_engine_J,x3,105094.98496535173,671.1242140831306,156.59543011561473,2.663669737657191e-28,103679.0366438181,106510.93328688537,0.796364276768879
E_engine_J,x1x2,8257.219273851286,821.9559392650253,10.045817396531872,1.4478772192922358e-08,6523.043828897432,9991.39471880514,0.051087889982707774
E_engine_J,x1x3,17245.987630158237,821.9559392650256,20.981644886682382,1.3657046849679543e-13,15511.812185204382,18980.16307511209,0.10670191616235518
E_engine_J,x2x3,17614.963402704383,821.955939265025,21.430544584245354,9.648499250268578e-14,15880.78795775053,19349.138847658236,0.10898479046288591
E_engine_J,x1^2,2277.31157485005,1162.4212369817149,1.9591104346675599,0.0667100273563362,-175.18285893808752,4729.806008638187,0.009963033807963121
E_engine_J,x2^2,2638.7912364097974,1162.4212369817142,2.270081750451801,0.03649875765246449,186.29680262166175,5091.285670197933,0.011544474893488702
E_engine_J,x3^2,8436.210691033208,1162.4212369817149,7.257447147936021,1.3392259936937187e-06,5983.716257245071,10888.705124821345,0.036907664833433294
M_peak_Nm,const,35499.92819152929,0.045875590807820256,773830.4306585134,4.287160523920933e-91,35499.83140249316,35500.02498056542,389658.8799730833
M_peak_Nm,x1,0.0026332946996595274,0.021236272029410447,0.12399985722600634,0.9027697480689469,-0.04217132284309369,0.04743791224241274,0.024049505272678177
M_peak_Nm,x2,-0.011851633019971447,0.021236272029410433,-0.5580844417305421,0.5840625050003205,-0.05665625056272463,0.03295298452278173,-0.10823927562703203
M_peak_Nm,x3,-0.047285648620846506,0.021236272029410443,-2.2266454561968256,0.03977942190559043,-0.09209026616359972,-0.0024810310780932973,-0.43185309110145925
M_peak_Nm,x1x2,-0.02939693021336452,0.0260090152554971,-1.1302592552846218,0.27406216131796113,-0.08427115576351314,0.0254772953367841,-0.2192113485253267
M_peak_Nm,x1x3,0.0021039379934740445,0.02600901525549711,0.08089264329334302,0.9364720475461388,-0.0527702875566746,0.056978163543622694,0.015688953962731792
M_peak_Nm,x2x3,0.009498080608699964,0.026009015255497092,0.36518416846606727,0.7194776962969187,-0.04537614494144864,0.06437230615884856,0.07082668304219092
M_peak_Nm,x1^2,-0.030642027847619095,0.036782302118292726,-0.8330644381385818,0.41635952413748034,-0.10824590184535948,0.0469618461501213,-0.1615710537551541
M_peak_Nm,x2^2,0.043950724659275235,0.03678230211829271,1.1948878163723606,0.2485353651133714,-0.03365314933846513,0.1215545986570156,0.2317459187693252
M_peak_Nm,x3^2,-0.03208020281680465,0.03678230211829273,-0.872164083521308,0.39527039292040056,-0.10968407681454506,0.04552367118093576,-0.16915434577522356
M_mean_Nm,const,17929.919914936774,5.306514555254341,3378.85060490094,5.624324633369614e-51,17918.7241478641,17941.115682009447,14.240839373998229
M_mean_Nm,x1,-133.24595483977,2.4564389174950354,-54.243544950691536,1.7182384636205678e-20,-138.42858793389672,-128.0633217456433,-0.0880563845509915
M_mean_Nm,x2,-85.45564986759976,2.4564389174950336,-34.7884285902552,3.061765037927658e-17,-90.63828296172646,-80.27301677347306,-0.05647387626772655
M_mean_Nm,x3,-1503.1908130967117,2.4564389174950345,-611.9390156176153,2.317134349282464e-38,-1508.3734461908384,-1498.008180002585,-0.9933926208171416
M_mean_Nm,x1x2,-30.322519595350663,3.0085109660887515,-10.078912770184047,1.3796176473672037e-08,-36.66992289768666,-23.975116293014665,-0.016361626430462687
M_mean_Nm,x1x3,-30.47956411716101,3.0085109660887523,-10.13111285307572,1.2787358809308112e-08,-36.82696741949701,-24.13216081482501,-0.016446365556138955
M_mean_Nm,x2x3,-53.242181165204926,3.00851096608875,-17.697187002254157,2.1872347319757462e-12,-59.589584467540924,-46.89477786286893,-0.028728769580931176
M_mean_Nm,x1^2,4.412863694823785,4.254677010790895,1.037179481223061,0.3141808757081233,-4.563720141191557,13.389447530839128,0.0016837077172960721
M_mean_Nm,x2^2,3.9252734865094956,4.254677010790893,0.9225784886970386,0.36913618610946075,-5.051310349505841,12.901857322524833,0.0014976699301829694
M_mean_Nm,x3^2,74.79822974158283,4.254677010790895,17.580236890338874,2.434690732092154e-12,65.8216459055675,83.77481357759817,0.028538918345407137
F_kch_peak_N,const,41118.41279598219,250.3516466496249,164.24262970208747,1.1849091172372618e-28,40590.216991944624,41646.60860001976,15.31272458554728
F_kch_peak_N,x1,2117.6893962835793,115.89029323968913,18.273224936135815,1.3019759089516881e-12,1873.1822502868279,2362.196542280331,0.6561875252369924
F_kch_peak_N,x2,2308.8014036465956,115.89029323968906,19.922301852075204,3.189239607982135e-13,2064.2942576498444,2553.308549643347,0.7154055179108428
F_kch_peak_N,x3,-0.07994866409309735,115.8902932396891,-0.0006898650599472055,0.9994575981538775,-244.5870946608445,244.4271973326583,-2.4772903962837838e-05
F_kch_peak_N,x1x2,-497.1329779175008,141.93604228937662,-3.5025140189829664,0.0027291291961319543,-796.5918509956167,-197.67410483938488,-0.1257745151311163
F_kch_peak_N,x1x3,0.09208072770047267,141.93604228937667,0.0006487480291492144,0.9994899261427683,-299.36679235041555,299.5509538058165,2.329640034737191e-05
F_kch_peak_N,x2x3,-0.026989465863450916,141.93604228937656,-0.00019015230682862988,0.9998504939933033,-299.4858625439792,299.4318836122523,-6.8283278989926215e-06
F_kch_peak_N,x1^2,-657.2753214738468,200.72787599519756,-3.274459604651883,0.004469785759344168,-1080.7741211538817,-233.77652179381204,-0.11758513081158352
F_kch_peak_N,x2^2,434.627504302801,200.72787599519748,2.1652573273539732,0.04488196640116968,11.128704622766406,858.1263039828357,0.07775391875836683
F_kch_peak_N,x3^2,-0.09852137324410967,200.7278759951976,-0.0004908205836167309,0.9996140955424966,-423.59732105327896,423.4002783067907,-1.7625260194873204e-05
F_chv1_peak_N,const,11568.2141557096,165.8578136111059,69.74777916001051,2.437429088891152e-22,11218.284756847537,11918.143554571663,3.0469788902105908
F_chv1_peak_N,x1,3305.3289870524845,76.77724877274566,43.05089124560827,8.501967724877213e-19,3143.3431515685725,3467.3148225363966,0.7243815768540016
F_chv1_peak_N,x2,3025.9016280285587,76.77724877274561,39.41143602299401,3.762711410854566e-18,2863.9157925446466,3187.8874635124707,0.6631434877745842
F_chv1_peak_N,x3,-0.0007838464097837568,76.77724877274564,-1.0209357880273593e-05,0.9999919729591358,-161.98661933032196,161.9850516375024,-1.7178438229740114e-07
F_chv1_peak_N,x1x2,-903.3051730203067,94.03254167397643,-9.606303912875058,2.7804090034728702e-08,-1101.6964942673098,-704.9138517733035,-0.1616372942536252
F_chv1_peak_N,x1x3,-0.003871855400819375,94.03254167397645,-4.117569653964711e-05,0.9999676258778938,-198.3951931024041,198.38744939160244,-6.928292335990643e-07
F_chv1_peak_N,x2x3,-0.006938163177718867,94.0325416739764,-7.378470319109763e-05,0.9999419872597226,-198.39825941018088,198.38438308382544,-1.2415138943429925e-06
F_chv1_peak_N,x1^2,-231.5405856277398,132.98209573975072,-1.7411410486481618,0.09972419638197466,-512.1082827923693,49.02711153688972,-0.029296733745869864
F_chv1_peak_N,x2^2,481.65303149256295,132.98209573975066,3.6219389445867223,0.0021061805834798144,201.08533432793354,762.2207286571924,0.0609433572229772
F_chv1_peak_N,x3^2,0.0011352111091183865,132.98209573975075,8.53657105344484e-06,0.9999932881768383,-280.5665619535205,280.5688323757387,1.436377882479127e-07
F_v1v2_peak_N,const,5650.4835103998785,111.8822391591989,50.503847195618974,5.746462600398815e-20,5414.432619338943,5886.534401460814,1.6747248026479227
F_v1v2_peak_N,x1,-785.0544426701667,51.791412910572994,-15.1580039730853,2.6215604628084818e-11,-894.3247724268841,-675.7841129134493,-0.1936008209597922
F_v1v2_peak_N,x2,3947.561929273078,51.79141291057296,76.22039460651986,5.41650815812054e-23,3838.2915995163607,4056.8322590297953,0.9735009303271747
F_v1v2_peak_N,x3,-0.0019298564324138415,51.79141291057298,-3.726209276711719e-05,0.9999707029232625,-109.2722596131498,109.26839990028498,-4.7591831768899256e-07
F_v1v2_peak_N,x1x2,-469.04092630570955,63.431267344348406,-7.39447509001253,1.0477959669514155e-06,-602.869202270517,-335.21265034090214,-0.09444359894185805
F_v1v2_peak_N,x1x3,0.001768546717085353,63.43126734434843,2.7881308243211798e-05,0.9999780785037402,-133.82650741809036,133.8300445115245,3.5610520850260305e-07
F_v1v2_peak_N,x2x3,0.0009384141275701103,63.431267344348385,1.4794188526547253e-05,0.9999883681660252,-133.82733755067977,133.82921437893492,1.889541030111305e-07
F_v1v2_peak_N,x1^2,383.47167675078424,89.70535855689113,4.2747911932996345,0.0005120271309152754,194.20991385234433,572.7334396492241,0.05459842113275593
F_v1v2_peak_N,x2^2,-83.36743052824397,89.7053585568911,-0.9293472750055659,0.36571841889887136,-272.62919342668386,105.89433237019588,-0.011869794711579125
F_v1v2_peak_N,x3^2,-0.002354001815337732,89.70535855689114,-2.6241484936987615e-05,0.9999793678040898,-189.2641169002553,189.2594088966246,-3.351610829516593e-07
a_peak_m_s2,const,2.3331893771312644,0.01819853407394318,128.20754505012277,7.961637177618444e-27,2.294793826448331,2.371584927814198,12.64664607077475
a_peak_m_s2,x1,-0.121211728588602,0.008424284316026124,-14.388371052246205,5.98276794501489e-11,-0.13898541487064967,-0.10343804230655435,-0.5466628955429922
a_peak_m_s2,x2,-0.18184452517210214,0.008424284316026119,-21.585753560829648,8.569808522094526e-14,-0.1996182114541498,-0.1640708388900545,-0.8201158074943051
a_peak_m_s2,x3,-4.341686009947465e-05,0.008424284316026123,-0.005153774311353622,0.9959478976467431,-0.01781710314214713,0.01773026942194818,-0.00019580932252785026
a_peak_m_s2,x1x2,-0.0031166427034368485,0.010317599011197597,-0.30207053986633753,0.7662626103480948,-0.024884873823097762,0.018651588416224062,-0.011476681785725005
a_peak_m_s2,x1x3,-1.680027754472966e-05,0.0103175990111976,-0.0016283127040018191,0.9987197503846417,-0.02178503139720565,0.021751430842116188,-6.186510859268619e-05
a_peak_m_s2,x2x3,-2.0607999350838476e-05,0.010317599011197595,-0.0019973638565011884,0.9984295868361632,-0.021788839119011746,0.02174762312031007,-7.588661046362159e-05
a_peak_m_s2,x1^2,-0.0174782334699653,0.014591288452762878,-1.1978540158772457,0.24740870386837824,-0.04826316114826183,0.013306694208331232,-0.04551052668710754
a_peak_m_s2,x2^2,-0.016416962150529964,0.014591288452762871,-1.1251208009270353,0.2761728426725917,-0.04720188982882648,0.014367965527766549,-0.042747145777450916
a_peak_m_s2,x3^2,-7.530683463790274e-06,0.014591288452762878,-0.0005161081893603665,0.9995942133305299,-0.03079245836176032,0.03077739699483274,-1.9608696230081152e-05
a_rms_m_s2,const,0.9915495326000011,0.0007783556614776066,1273.9028977031833,8.949406781698531e-44,0.989907345700321,0.9931917194996812,6.770188081051789
a_rms_m_s2,x1,-0.10750643952925286,0.000360308658083864,-298.3731784325596,4.651193435490385e-33,-0.10826662434890637,-0.10674625470959935,-0.6107597056803719
a_rms_m_s2,x2,-0.1086491478670205,0.0003603086580838637,-301.5446490928671,3.886127057920435e-33,-0.10940933268667401,-0.10788896304736699,-0.6172515978043182
a_rms_m_s2,x3,-0.08620422798816904,0.0003603086580838639,-239.25105892988148,1.984239850452477e-31,-0.08696441280782255,-0.08544404316851553,-0.4897387463020905
a_rms_m_s2,x1x2,0.013641378771288503,0.00044128618110619806,30.91277124765805,2.2137705750150983e-16,0.012710346312108132,0.014572411230468874,0.06327738695605223
a_rms_m_s2,x1x3,0.0032605369000816963,0.0004412861811061982,7.388712902607363,1.0586108884614845e-06,0.002329504440901325,0.004191569359262067,0.015124442959182536
a_rms_m_s2,x2x3,0.002545383661968696,0.00044128618110619795,5.7681019051809725,2.272616530555328e-05,0.0016143512027883254,0.003476416121149067,0.011807107597437744
a_rms_m_s2,x1^2,0.007134612887682087,0.0006240729022082152,11.432338854061797,2.104158499456906e-09,0.005817934156899632,0.008451291618464543,0.023401607176709673
a_rms_m_s2,x2^2,0.009135755763689317,0.0006240729022082149,14.638923964433367,4.554765715126708e-11,0.007819077032906862,0.010452434494471773,0.029965377380646627
a_rms_m_s2,x3^2,0.004723457588410349,0.0006240729022082152,7.568759309524415,7.696626166312883e-07,0.0034067788576278932,0.006040136319192804,0.015492991804876857
j_peak_m_s3,const,31.575783417782198,0.0007006308817745072,45067.644374751704,4.201900752330862e-70,31.57430521583352,31.577261619730876,41.05127590229632
j_peak_m_s3,x1,0.6466308301314188,0.0003243290764341025,1993.7491798173758,4.413006741896356e-47,0.6459465555936138,0.6473151046692237,0.6994851694856153
j_peak_m_s3,x2,0.6600365358918974,0.0003243290764341022,2035.0828336108336,3.1134257723607444e-47,0.6593522613540924,0.6607208104297023,0.7139866314156582
j_peak_m_s3,x3,-0.006120157345908616,0.00032432907643410237,-18.870208657200422,7.723715372197078e-13,-0.0068044318837135334,-0.005435882808103699,-0.006620407037368567
j_peak_m_s3,x1x2,-0.03053142252217208,0.0003972203730058377,-76.86268025764977,4.6982442129352374e-23,-0.0313694842529725,-0.029693360791371658,-0.026966433627356044
j_peak_m_s3,x1x3,-0.001208967296228858,0.0003972203730058378,-3.0435682014001086,0.007339414331559991,-0.0020470290270292813,-0.0003709055654284349,-0.0010678027310297839
j_peak_m_s3,x2x3,-0.00160420395035289,0.0003972203730058376,-4.038574200546643,0.0008528835503058957,-0.0024422656811533125,-0.0007661422195524672,-0.001416889741069817
j_peak_m_s3,x1^2,-0.014187357669587324,0.0005617544387557553,-25.255443821701306,6.413838942116035e-15,-0.015372555935391153,-0.013002159403783495,-0.008860597200935443
j_peak_m_s3,x2^2,-0.015076159514588445,0.0005617544387557551,-26.837633091037134,2.33833990394481e-15,-0.016261357780392272,-0.013890961248784618,-0.009415691061498716
j_peak_m_s3,x3^2,-0.0006480306914408374,0.0005617544387557554,-1.1535835709214466,0.2646324238124026,-0.0018332289572446656,0.0005371675743629907,-0.0004047222227300035
j_rms_m_s3,const,6.755777915871107,0.05277491779549716,128.01114995668493,8.17164774536649e-27,6.644432572187302,6.867123259554912,10.273476451694828
j_rms_m_s3,x1,-0.035834892685536544,0.024430039829457687,-1.4668372600165356,0.16067576878079434,-0.08737777128481143,0.015707985913738343,-0.04534169509137748
j_rms_m_s3,x2,-0.2594486378882238,0.02443003982945767,-10.62006610301885,6.365273354422459e-09,-0.3109915164874987,-0.20790575928894894,-0.3282789524230695
j_rms_m_s3,x3,-0.7211254386318029,0.024430039829457684,-29.517980472642193,4.787357117794543e-16,-0.7726683172310778,-0.669582560032528,-0.9124361009814335
j_rms_m_s3,x1x2,0.011071243806443505,0.029920565989020556,0.37002120249015785,0.7159361813630601,-0.05205563241477772,0.07419812002766472,0.011437798178418548
j_rms_m_s3,x1x3,-0.024744189313759705,0.029920565989020566,-0.8269960308518112,0.4196965024069649,-0.08787106553498095,0.03838268690746153,-0.025563436991121662
j_rms_m_s3,x2x3,-0.006628823698819621,0.029920565989020546,-0.2215474032560778,0.8273056244855416,-0.06975569992004081,0.05649805252240157,-0.006848295363461307
j_rms_m_s3,x1^2,-0.2688222992476523,0.04231407021555203,-6.353023896738014,7.211856074364508e-06,-0.358097183749951,-0.17954741474535357,-0.1963795713989994
j_rms_m_s3,x2^2,-0.008239883024939347,0.04231407021555201,-0.19473151561559968,0.8479113647305351,-0.09751476752723799,0.0810350014773593,-0.006019384185553616
j_rms_m_s3,x3^2,0.06062667586209146,0.04231407021555203,1.4327781646448383,0.17005476617998438,-0.02864820864020723,0.14990156036439015,0.04428888769445179
u1_peak_m,const,0.05784015213437169,0.0008290724074918324,69.76489823048598,2.4273146926397987e-22,0.05609096225389377,0.05958934201484962,3.0470158280183015
u1_peak_m,x1,0.016525517916462996,0.00038378594951137885,43.05920510509213,8.474343807954148e-19,0.01571580034163039,0.017335235491295602,0.7243524635709943
u1_peak_m,x2,0.015129798269903563,0.0003837859495113786,39.42249133707536,3.74499657601732e-18,0.014320080695070958,0.015939515844736168,0.6631747764600447
u1_peak_m,x3,-6.160846403668642e-09,0.00038378594951137874,-1.6052819055810644e-05,0.9999873785760032,-0.0008097237356790091,0.0008097114139862017,-2.7004444234296223e-07
u1_peak_m,x1x2,-0.004516534720055418,0.00047003987337621256,-9.608833156246842,2.7698209857090313e-08,-0.005508232167107287,-0.003524837273003549,-0.16164213788393758
u1_peak_m,x1x3,1.8813745907087547e-08,0.0004700398733762127,4.0025850938882614e-05,0.9999685299364767,-0.000991678633305962,0.0009917162607977763,6.733246390253581e-07
u1_peak_m,x2x3,5.935702730922612e-10,0.0004700398733762124,1.2628083418301345e-06,0.9999990071252,-0.0009916968534815955,0.0009916980406221416,2.124327031096276e-08
u1_peak_m,x1^2,-0.0011581159802719918,0.0006647367637847721,-1.7422174360841665,0.09953110408665473,-0.0025605879596635192,0.0002443559991195355,-0.029308007168824084
u1_peak_m,x2^2,0.0024084237569808203,0.0006647367637847718,3.623124051794762,0.002100769234343459,0.0010059517775892935,0.003810895736372347,0.06094907758597932
u1_peak_m,x3^2,3.862000336278346e-08,0.0006647367637847722,5.8098190843086585e-05,0.9999543206774382,-0.0014024333593881646,0.0014025105993948903,9.773419542580175e-07
u2_peak_m,const,0.037669733123032234,0.00074588640387519,50.50331113065248,5.747493107390479e-20,0.036096050368842385,0.03924341587722208,1.6747296826546347
u2_peak_m,x1,-0.005233693055261623,0.00034527831242735896,-15.157896881700927,2.6218547858028736e-11,-0.005962166617508816,-0.004505219493014429,-0.19360207225942505
u2_peak_m,x2,0.02631688564574372,0.00034527831242735875,76.21934161092261,5.417776906227261e-23,0.025588412083496527,0.027045359207990914,0.9735006509997961
u2_peak_m,x3,-2.1145437210538495e-08,0.0003452783124273589,-6.124171849046313e-05,0.9999518490993886,-0.0007284947076844042,0.0007284524168099831,-7.822010995994811e-07
u2_peak_m,x1x2,-0.0031269326128094423,0.0004228778423481507,-7.394411103325373,1.0479154277946752e-06,-0.004019126872116054,-0.0022347383535028303,-0.09444405935167251
u2_peak_m,x1x3,2.2916401862463228e-08,0.00042287784234815086,5.419154083650568e-05,0.9999573922554512,-0.00089217134290475,0.0008922171757084751,6.921537127980157e-07
u2_peak_m,x2x3,4.974766542893289e-09,0.00042287784234815054,1.1764074739100708e-05,0.9999907505731735,-0.000892189284540069,0.0008921992340731548,1.5025496383038323e-07
u2_peak_m,x1^2,0.0025564130836934953,0.0005980395798758263,4.274655340076815,0.0005121769810022784,0.0012946598619106664,0.0038181663054763244,0.05459742459607116
u2_peak_m,x2^2,-0.0005557910868975977,0.000598039579875826,-0.9293550219753003,0.36571451958802736,-0.0018175443086804262,0.0007059621348852308,-0.01187005423795517
u2_peak_m,x3^2,-1.684326242534937e-08,0.0005980395798758264,-2.8164126576449354e-05,0.9999778561396753,-0.0012617700650452545,0.0012617363785204037,-3.5972228278976665e-07
t_manoeuvre_s,const,5.138334411020206,0.015947722925832773,322.19862577979217,1.2602977017942785e-33,5.1046876567603165,5.171981165280095,4.181385400093906
t_manoeuvre_s,x1,0.6549565395317116,0.007382361215169751,88.71911309160336,4.123926962477935e-24,0.639381118838755,0.6705319602246682,0.44346555664844556
t_manoeuvre_s,x2,0.6315433386661766,0.007382361215169746,85.54760736557311,7.647162447536259e-24,0.61596791797322,0.6471187593591332,0.42761267553639487
t_manoeuvre_s,x3,1.138623918293056,0.007382361215169749,154.23573638652883,3.4475050631853726e-28,1.1230484976000994,1.1541993389860126,0.7709526651953005
t_manoeuvre_s,x1x2,0.08915614411873174,0.009041509037039331,9.860759277405554,1.9008148346036743e-08,0.07008022750526668,0.1082320607321968,0.04928934645025032
t_manoeuvre_s,x1x3,0.18684712497645095,0.009041509037039335,20.66548008866831,1.751651895641176e-13,0.16777120836298587,0.20592304158991603,0.10329711729045689
t_manoeuvre_s,x2x3,0.19084470362111602,0.00904150903703933,21.10761631043049,1.2379714699707844e-13,0.17176878700765097,0.20992062023458108,0.10550715049373918
t_manoeuvre_s,x1^2,0.024710244005761817,0.012786624704499925,1.9325071765863027,0.07013447746618298,-0.002267175983698716,0.05168766399522235,0.009659703990808599
t_manoeuvre_s,x2^2,0.024470028543413264,0.01278662470449992,1.9137207127696234,0.07264654828116386,-0.0025073914460472593,0.05144744853287379,0.009565799201371425
t_manoeuvre_s,x3^2,0.09139988882714281,0.012786624704499927,7.148085670722544,1.6319292058842632e-06,0.06442246883768227,0.11837730881660335,0.03572995356327296
distance_m,const,13.825738537695802,0.07988916180261234,173.0615045361974,4.8725449974401166e-29,13.657187139624615,13.99428993576699,2.776944784220536
distance_m,x1,2.0211375903740474,0.03698149587542003,54.65267270914826,1.5132347669788294e-20,1.9431134542845128,2.0991617264635822,0.3377725580544432
distance_m,x2,1.9773744165562686,0.036981495875420003,53.46929240551742,2.1909835067846818e-20,1.899350280466734,2.055398552645803,0.3304588554943534
distance_m,x3,5.154295411026478,0.03698149587542002,139.37498440814323,1.9272898956040365e-27,5.076271274936944,5.232319547116012,0.8613859611747124
distance_m,x1x2,0.3272370015037246,0.045292897409809886,7.224907661412915,1.4201154310932305e-06,0.23167734098330756,0.4227966620241416,0.044652446468443116
distance_m,x1x3,0.8480993853681715,0.0452928974098099,18.724776595645288,8.759162094779236e-13,0.7525397248477544,0.9436590458885886,0.1157256429775737
distance_m,x2x3,0.8664655721313954,0.04529289740980987,19.130274760115697,6.181253465416349e-13,0.7709059116109784,0.9620252326518124,0.11823176290748925
distance_m,x1^2,0.096677873311848,0.06405382979612637,1.5093222937575945,0.14957800286820766,-0.03846389461189455,0.23181964123559057,0.009328137615596723
distance_m,x2^2,0.10710371511775857,0.06405382979612635,1.6720891702908864,0.11280950462776283,-0.028038052805983954,0.2422454830415011,0.01033409361972054
distance_m,x3^2,0.6962264456356954,0.06405382979612638,10.869396066584597,4.501313468912012e-09,0.5610846777119528,0.8313682135594379,0.06717665453354184
