sample,configuration,F_kch_peak_N,F_chv1_peak_N,a_peak_m_s2,j_peak_m_s3,P_peak_W,P_mean_W,u1_peak_m
0,rigid,46347.07721491346,0.0,2.3277030029532284,21.719286963356467,92300.00000000001,77653.07970502388,0.0
0,compliant,41749.202463692025,11263.523091032996,2.3431928232508312,32.31180896524256,92300.00000000001,78836.05872732283,0.05547188204352699
1,rigid,44455.184738612064,0.0,2.2803206074722198,21.28381346160853,92300.00000000001,77504.4059618605,0.0
1,compliant,41609.98153188069,11372.746744116508,2.391985430174543,31.401158340706615,92300.00000000001,78873.6838659765,0.05691062677036026
2,rigid,47013.308463054316,0.0,2.3254210174832224,21.990435804264735,92300.00000000001,77758.69180353606,0.0
2,compliant,41640.209341267684,11011.678163729594,2.314103673294028,32.925343630053504,92300.00000000001,78967.21888618071,0.05406161131828396
3,rigid,46275.62681181873,0.0,2.3267598064514914,21.697195477723227,92300.00000000001,77644.90721849084,0.0
3,compliant,41712.18144344588,11341.741638011326,2.3411930361439772,32.26760030655308,92300.00000000001,78719.04028310321,0.05794931295422365
4,rigid,43818.800704824185,0.0,2.285678981175579,20.97485870032449,92300.00000000001,77410.99201434811,0.0
4,compliant,41479.213015563015,11883.279046872745,2.3900178552021316,30.698213148419455,92300.00000000001,78419.61258339057,0.060977086466087384
5,rigid,45972.9319035619,0.0,2.3214009233554975,21.611667565641056,92300.00000000001,77614.3758184495,0.0
5,compliant,41525.99449831218,11397.867864406668,2.347748685002557,32.100055978260684,92300.00000000001,78579.99058575415,0.05494712817923239
6,rigid,44568.37310706542,0.0,2.2838389489585893,21.306269575714424,92300.00000000001,77511.39101761645,0.0
6,compliant,41544.7707296765,11341.047771439853,2.3901253761640078,31.44907345897289,92300.00000000001,78857.51918620219,0.05484278390979987
7,rigid,45712.830343955065,0.0,2.315683206076585,21.54715493278522,92300.00000000001,77591.64327138996,0.0
7,compliant,41649.39624449277,11231.619218998685,2.3698506249201046,31.96804818598423,92300.00000000001,78865.70745679423,0.05694101691853037
8,rigid,46695.91346277006,0.0,2.329895282476059,21.839638469199656,92300.00000000001,77699.60164012908,0.0
8,compliant,41488.090325861645,11337.873282876653,2.319639921667033,32.5795339615087,92300.00000000001,78625.77325402197,0.05474252647462613
9,rigid,45877.59494921334,0.0,2.3194334101002028,21.5860403496784,92300.00000000001,77605.65593043364,0.0
9,compliant,41723.699492022264,11197.148997202423,2.368478696270813,32.05753444896811,92300.00000000001,78910.90013551101,0.05868299458875645
10,rigid,43869.131915075086,0.0,2.301332587416539,20.876596736958106,92300.00000000001,77385.23359853493,0.0
10,compliant,41326.43749046761,11726.733542916654,2.40168235174076,30.515976357569002,92300.00000000001,78617.92896267462,0.05732371497029524
11,rigid,43830.979202255585,0.0,2.2601796131560263,21.167929819143012,92300.00000000001,77467.96948536838,0.0
11,compliant,41489.607342715724,11647.777187965905,2.3847093699427546,31.123737012233477,92300.00000000001,78578.47314746513,0.05687085780671095
12,rigid,46421.62568989204,0.0,2.3285804868991704,21.742844038478324,92300.00000000001,77661.91776646326,0.0
12,compliant,41888.894244704126,11145.047190963325,2.3445990484297567,32.38127036518219,92300.00000000001,78949.36665710632,0.05967102151927702
13,rigid,43751.63423224328,0.0,2.266450228562803,21.089597340450467,92300.00000000001,77443.72597144285,0.0
13,compliant,41567.451482875505,11756.348481801506,2.384904485721961,30.973913490382557,92300.00000000001,78466.33636821124,0.06165944086153788
14,rigid,45411.23398889238,0.0,2.308124619165426,21.480157731396815,92300.00000000001,77568.16225363371,0.0
14,compliant,41775.22326639969,11410.182316595658,2.3692178978981815,31.818953577832843,92300.00000000001,78766.83712779605,0.05879690912119375
15,rigid,43909.73912274148,0.0,2.3149142212074594,20.790598970203973,92300.00000000001,77363.25628516472,0.0
15,compliant,41351.99453387846,11990.868613227854,2.392980260064178,30.30885595326305,92300.00000000001,78319.62757604611,0.06318698922361493
16,rigid,46985.73235086561,0.0,2.326187995407281,21.97448768839331,92300.00000000001,77752.56661254678,0.0
16,compliant,41602.54196931076,11141.62332496358,2.305692729405905,32.89749741549383,92300.00000000001,78728.88656186624,0.05754884951835016
17,rigid,44672.575985297684,0.0,2.2870167327243394,21.327022506888056,92300.00000000001,77517.96400455432,0.0
17,compliant,41495.89425313577,11270.316193556422,2.3891566150530252,31.502880613527935,92300.00000000001,78855.89430193277,0.05548052535072456
18,rigid,43883.785193771466,0.0,2.306261948414601,20.844421681748315,92300.00000000001,77377.18804308123,0.0
18,compliant,41269.76829483474,11529.503107077975,2.408567704903305,30.457446236143625,92300.00000000001,78866.3841970274,0.06008921218649102
19,rigid,46881.00441856942,0.0,2.328410833418218,21.91745950965128,92300.00000000001,77731.1538460712,0.0
19,compliant,41749.46936098701,11072.222490600681,2.320910157897231,32.79067253092171,92300.00000000001,78864.7013632181,0.060420346580616756
20,rigid,46971.8710805215,0.0,2.326486764668573,21.966913191885936,92300.00000000001,77749.71441030188,0.0
20,compliant,41715.124315536494,10990.215503576412,2.320222223484109,32.88282237200525,92300.00000000001,78992.6489598984,0.05773721888938261
21,rigid,47060.43633574881,0.0,2.3239301561704906,22.018812465410065,92300.00000000001,77769.66590548136,0.0
21,compliant,41483.15165199599,11314.351095416885,2.29185305739702,32.96339642126998,92300.00000000001,78648.27131975286,0.05701800906706095
22,rigid,45863.321652316205,0.0,2.319125239966638,21.58226163331551,92300.00000000001,77604.39000617174,0.0
22,compliant,41588.7192465683,11334.6909317085,2.35628086089838,32.02410277622408,92300.00000000001,78755.15137164945,0.052525823373378286
23,rigid,46620.20380437004,0.0,2.329860157754183,21.81122262404287,92300.00000000001,77688.3370927927,0.0
23,compliant,41357.61419532353,11447.139584955916,2.325142254883872,32.51429782227842,92300.00000000001,78523.93748459074,0.05603422728817804
24,rigid,44864.15530173475,0.0,2.292770512287916,21.3656337184174,92300.00000000001,77530.27439695803,0.0
24,compliant,41561.85930316156,11165.018942779056,2.395890149042316,31.583767738155217,92300.00000000001,78995.84775015175,0.05691502531161449
25,rigid,46033.1695113345,0.0,2.3225911339582694,21.627964017263082,92300.00000000001,77620.06850416966,0.0
25,compliant,41530.76299770798,11461.45941048468,2.343857790428615,32.12030098067919,92300.00000000001,78549.97112658038,0.05635571252225473
26,rigid,46910.88722042643,0.0,2.3278921614355,21.9329910879093,92300.00000000001,77736.9631633535,0.0
26,compliant,41484.14829474605,11323.087331309369,2.301658450944899,32.78822714502854,92300.00000000001,78570.83030649398,0.05921499144745173
27,rigid,43958.34676725883,0.0,2.332981472466656,20.674349608045844,92300.00000000001,77333.94524570793,0.0
27,compliant,41128.86555231752,11870.23745721668,2.4060323706311237,30.043846403604817,92300.00000000001,78583.2220300608,0.060338661389166756
28,rigid,46923.031077995736,0.0,2.3275328965283393,21.940360319833502,92300.00000000001,77739.71009134242,0.0
28,compliant,41723.84888208601,10866.947806781918,2.337655213701339,32.83134216635068,92300.00000000001,79117.90909890959,0.05385917808110803
29,rigid,43813.29003941396,0.0,2.2842458568282495,20.983199589110484,92300.00000000001,77413.29509329321,0.0
29,compliant,41438.330432722,11477.121445907967,2.404166446378497,30.75361602742163,92300.00000000001,78874.25865261655,0.06191516729108219
30,rigid,43801.423049666126,0.0,2.2806087233839207,21.005669258293125,92300.00000000001,77419.46706540072,0.0
30,compliant,41465.43637724882,11580.993125259693,2.401663027701261,30.80817986330453,92300.00000000001,78727.38026413169,0.06115276511116714
31,rigid,46598.13727130253,0.0,2.329840437406233,21.802878490892653,92300.00000000001,77685.07770776257,0.0
31,compliant,41578.22404816994,11215.736978895537,2.3287738112964007,32.51725300704669,92300.00000000001,78712.30184462736,0.05933232999681848
32,rigid,43959.98829187967,0.0,2.3337913497808245,20.668841572423446,92300.00000000001,77332.56565796728,0.0
32,compliant,41131.41042824367,12018.949198710961,2.4001987364064803,30.020632349789764,92300.00000000001,78187.68443785557,0.06083977916334195
33,rigid,44891.27049505815,0.0,2.2935981092010707,21.370927051489502,92300.00000000001,77531.98301953569,0.0
33,compliant,41603.06285809435,11557.7958224598,2.3679699296554872,31.572770531826677,92300.00000000001,78538.6378734756,0.05712518436755337
34,rigid,43943.88027738539,0.0,2.3274081510713813,20.710837267662328,92300.00000000001,77343.01291402277,0.0
34,compliant,41230.37614810053,11904.69485997773,2.4013504005797586,30.144773940998846,92300.00000000001,78511.05953646392,0.06175038838041141
35,rigid,47032.70751588003,0.0,2.3248183729409675,22.00209016179008,92300.00000000001,77763.17749871577,0.0
35,compliant,41648.584748687914,10796.897967309034,2.331881256099848,32.95288549665,92300.00000000001,79214.4702769508,0.05095004472742128
36,rigid,46709.76816107164,0.0,2.3298851693515985,21.8449191991636,92300.00000000001,77701.70772802563,0.0
36,compliant,41651.07120348441,11137.184123568199,2.3299807032716444,32.61090057500016,92300.00000000001,78836.2832859254,0.05496108470014631
37,rigid,43813.32061348119,0.0,2.284261385559546,20.983104646849,92300.00000000001,77413.26656663042,0.0
37,compliant,41431.47895464791,11763.015767177762,2.3928857168469335,30.734821927842745,92300.00000000001,78525.20828459383,0.059518925265536336
38,rigid,46881.92814580445,0.0,2.328397537753574,21.917917113512857,92300.00000000001,77731.32296944357,0.0
38,compliant,41676.05012493816,11063.27265384577,2.3250043042898483,32.754823090436844,92300.00000000001,78979.17547066652,0.053025925541096364
39,rigid,45701.7660370417,0.0,2.315395128478542,21.54479097712158,92300.00000000001,77590.79865466784,0.0
39,compliant,41558.946862353856,11217.1250716738,2.367156522053449,31.96233642108416,92300.00000000001,78844.4585097569,0.052966537605631275
40,rigid,46186.951394242154,0.0,2.3253489992678738,21.671324872417557,92300.00000000001,77635.47593127908,0.0
40,compliant,41574.145541635065,11263.685128532592,2.3434858025916583,32.228945683846916,92300.00000000001,78640.0356045233,0.05366296763395484
41,rigid,46487.13357760191,0.0,2.329176458917516,21.76450693600563,92300.00000000001,77670.1600406056,0.0
41,compliant,41817.0240578676,11055.911086645934,2.3562359337340695,32.44712715075997,92300.00000000001,79013.8116619912,0.05999501130403954
42,rigid,44619.2235334537,0.0,2.2853981349107926,21.31632985411491,92300.00000000001,77514.58459007595,0.0
42,compliant,41664.142828264565,11484.945743557211,2.383059410434271,31.46950848181112,92300.00000000001,78733.1038459945,0.057330158897146336
43,rigid,43900.592839148376,0.0,2.3117296814156134,20.810441744158766,92300.00000000001,77368.41203390519,0.0
43,compliant,41210.9301909401,11721.991371203581,2.401087213240828,30.380977957042205,92300.00000000001,78545.67158360005,0.058398368441232654
44,rigid,46352.43926199426,0.0,2.3277427384875296,21.72110441279264,92300.00000000001,77653.77718957966,0.0
44,compliant,41674.39359454777,11193.568267417333,2.348615625873947,32.331559415027726,92300.00000000001,78884.0189877607,0.054955363949480696
45,rigid,43999.8323546291,0.0,2.2657394279241316,21.19769907712481,92300.00000000001,77477.48888371793,0.0
45,compliant,41549.33863709676,11412.184541606213,2.3949709221775493,31.234309792284733,92300.00000000001,78786.15096550327,0.05963444932920917
46,rigid,46148.99659146233,0.0,2.324706308140094,21.660385294804456,92300.00000000001,77631.55461389148,0.0
46,compliant,41828.17090905539,11161.647746135333,2.3582516780385845,32.20797106268245,92300.00000000001,78966.05556963712,0.05796264708068617
47,rigid,43965.417764706704,0.0,2.335823407200394,20.655515757879357,92300.00000000001,77329.27817775053,0.0
47,compliant,40998.91089859958,11786.438712860703,2.406851490361646,30.015811294471604,92300.00000000001,78576.45689840018,0.057342629523326076
48,rigid,46432.217710867095,0.0,2.3286948494380795,21.74621392183417,92300.00000000001,77663.19744775075,0.0
48,compliant,41938.155381234465,11145.24243822066,2.344211574117992,32.39604224866167,92300.00000000001,78951.42906579898,0.06057916170894956
49,rigid,45884.68425153598,0.0,2.319577443552987,21.58796236313117,92300.00000000001,77606.31154914483,0.0
49,compliant,41887.11217513669,11308.898362660315,2.3572176114183208,32.04679659190708,92300.00000000001,78842.5841792249,0.06392789850063628
50,rigid,43841.62802099547,0.0,2.292568633921803,20.93220641455693,92300.00000000001,77399.58651908202,0.0
50,compliant,41343.28801835494,11817.285004255118,2.395939239296922,30.596272040358485,92300.00000000001,78509.9078917505,0.056921945106569526
51,rigid,43809.484784492124,0.0,2.282879550653149,20.99205552952634,92300.00000000001,77415.68458633558,0.0
51,compliant,41381.86366143308,11584.755264655949,2.403130808155936,30.751084948162088,92300.00000000001,78748.79116548927,0.05645193279819285
52,rigid,43949.378869069,0.0,2.3294931954898175,20.69727679000391,92300.00000000001,77339.61864611717,0.0
52,compliant,41078.47389705647,11674.788225843644,2.409705260386829,30.123498494081275,92300.00000000001,78738.33596642144,0.06042218991111722
53,rigid,43781.12600943002,0.0,2.274985662664278,21.039037409029476,92300.00000000001,77428.89959898125,0.0
53,compliant,41336.95965515198,11631.62565430531,2.394222462770472,30.862378101267296,92300.00000000001,78522.16081637907,0.05447103734519326
54,rigid,46110.3835626453,0.0,2.3240673148420115,21.64930811027807,92300.00000000001,77627.53765629962,0.0
54,compliant,41623.68273340838,11351.232613312071,2.3471904660746645,32.14908855594439,92300.00000000001,78727.51909659381,0.05225934083928685
55,rigid,45338.02417217563,0.0,2.306173103140395,21.464431206496755,92300.00000000001,77562.80830287795,0.0
55,compliant,41703.645238838086,11247.224918787151,2.3812696128230186,31.801102387062144,92300.00000000001,78898.46435618258,0.05798985208804705
56,rigid,43878.32224613647,0.0,2.3043563851190925,20.857076049826475,92300.00000000001,77380.30746187542,0.0
56,compliant,41231.09280728071,11596.520269391927,2.4102426247154085,30.46327013383103,92300.00000000001,78777.93878505657,0.05439064115086107
57,rigid,44339.170177431995,0.0,2.2766454855623692,21.26135993688908,92300.00000000001,77497.43264795745,0.0
57,compliant,41415.875377518125,11653.644966483973,2.375399406864858,31.322608597795096,92300.00000000001,78419.23510433194,0.057268438406083415
58,rigid,43951.71531291634,0.0,2.33041965407358,20.691144968054346,92300.00000000001,77338.09732793462,0.0
58,compliant,41190.138404956866,11924.669551890738,2.4010196701364634,30.098135310453586,92300.00000000001,78455.12122292849,0.05969988277610565
59,rigid,45812.850902627615,0.0,2.3180096132467156,21.570305934656574,92300.00000000001,77600.00003010874,0.0
59,compliant,41532.458391607506,11222.517345035081,2.3646984790142938,32.01856162287339,92300.00000000001,78843.57651980864,0.051157144609513906
60,rigid,46238.67836239073,0.0,2.3261957303606664,21.686320925494215,92300.00000000001,77640.90691396449,0.0
60,compliant,41649.359750964664,11308.796908725877,2.343632967668725,32.25597178343193,92300.00000000001,78699.62283825639,0.05751942921653295
61,rigid,44819.2110021048,0.0,2.2914601933325116,21.356165905553155,92300.00000000001,77527.28735799571,0.0
61,compliant,41608.82725348375,11472.442215812665,2.3787936873554827,31.537549278352202,92300.00000000001,78736.94984143655,0.05574284010307019
62,rigid,43744.32192773029,0.0,2.2644763762508546,21.100800647758177,92300.00000000001,77447.11884717827,0.0
62,compliant,41338.92546406503,11713.967061999836,2.3870488200478235,30.979142522028155,92300.00000000001,78351.56820301087,0.05668273317714613
63,rigid,43898.829524538385,0.0,2.3111230781211134,20.81414611640696,92300.00000000001,77369.38138841004,0.0
63,compliant,41459.90387707877,11979.180794146361,2.391788551565128,30.35528901864464,92300.00000000001,78464.60470604786,0.06091757831659654
64,rigid,44034.3960264561,0.0,2.266853892187328,21.2036815362749,92300.00000000001,77479.50043563487,0.0
64,compliant,41460.82785608647,11391.2004728441,2.394358902596366,31.235439929788242,92300.00000000001,78779.44203769337,0.05854599236757595
65,rigid,47053.21722887749,0.0,2.324143651627594,22.014583394440336,92300.00000000001,77768.02081036367,0.0
65,compliant,41618.8196358329,11120.499513836563,2.3039465727561037,32.950935087737776,92300.00000000001,78897.85396113837,0.05584272060403349
66,rigid,46322.25324681276,0.0,2.3273976463520967,21.711449416241123,92300.00000000001,77650.17517654377,0.0
66,compliant,41549.795566263514,11342.076621055236,2.335809329245535,32.316235178726686,92300.00000000001,78558.04346437338,0.059344275138435196
67,rigid,43764.048942531146,0.0,2.269864704411134,21.069600860746306,92300.00000000001,77437.82156424581,0.0
67,compliant,41280.05174288991,11775.351460481872,2.3897145636257733,30.89008806018998,92300.00000000001,78251.86497067988,0.0546042367852943
68,rigid,45794.59681270401,0.0,2.3175953835743712,21.566090593122794,92300.00000000001,77598.44430182937,0.0
68,compliant,41736.8652888998,11186.747467904257,2.373210973688799,32.01916310513292,92300.00000000001,78959.28265421544,0.052897476328368526
69,rigid,44737.921395914236,0.0,2.2890201487931563,21.33986048220399,92300.00000000001,77522.06029413393,0.0
69,compliant,41638.95644407172,11469.440690259693,2.382096590108347,31.510227298862333,92300.00000000001,78756.44018279946,0.05780674684415112
70,rigid,44850.53439839541,0.0,2.2923585069223122,21.36283473540709,92300.00000000001,77529.40276046949,0.0
70,compliant,41470.44914846846,11389.621223995857,2.378441930407405,31.572877942250557,92300.00000000001,78704.41021990683,0.05168816629911381
71,rigid,43845.18745694219,0.0,2.294062747706789,20.922328016907613,92300.00000000001,77397.0010775759,0.0
71,compliant,41440.35357042555,11923.651007734194,2.389798481704986,30.590323538433466,92300.00000000001,78365.11639788792,0.06238987147595865
72,rigid,46077.25881758364,0.0,2.3234281794918274,21.64023623751146,92300.00000000001,77624.33856413512,0.0
72,compliant,41529.89835742864,11480.508988844711,2.3388217291283695,32.147289056851946,92300.00000000001,78447.75367686948,0.05933939444084273
73,rigid,46995.80493489762,0.0,2.32586531680397,21.98054638263133,92300.00000000001,77754.9125070356,0.0
73,compliant,41709.03144142387,10795.097020393132,2.338378601542331,32.91188323097694,92300.00000000001,79162.60227301938,0.05820971444782738
74,rigid,47011.31188592066,0.0,2.3254773967343,21.98927133902859,92300.00000000001,77758.24569152055,0.0
74,compliant,41693.372652363105,10987.351680986494,2.318704726542876,32.91869258188069,92300.00000000001,78984.92485756053,0.05804842571307941
75,rigid,47044.549339167956,0.0,2.3243419043764675,22.00989724430869,92300.00000000001,77766.19961342453,0.0
75,compliant,41559.270465406415,10991.464857234494,2.3169896437379407,32.96997921383999,92300.00000000001,78984.98529901935,0.05428141067759667
76,rigid,46903.25546666358,0.0,2.3280071491446392,21.929145162819054,92300.00000000001,77735.52421253484,0.0
76,compliant,41792.0404752433,10951.380533252552,2.3363299776700046,32.803603448888424,92300.00000000001,79065.41605413602,0.060089626257092105
77,rigid,46399.95249994312,0.0,2.3283049604629014,21.736158225685585,92300.00000000001,77659.38894874732,0.0
77,compliant,41761.65070783551,11098.768234899484,2.355116997288235,32.37728278156962,92300.00000000001,78989.23591043147,0.054277235813941685
78,rigid,43968.52660030136,0.0,2.3375249330969154,20.643771617803395,92300.00000000001,77326.3888113907,0.0
78,compliant,41049.055120241566,11740.446759328861,2.407127695013969,30.002688504169555,92300.00000000001,78716.82573532675,0.06272374569962166
79,rigid,46694.10750194812,0.0,2.329913186911142,21.838853193443214,92300.00000000001,77699.28681336022,0.0
79,compliant,41651.36216414956,11149.346205961847,2.3292563054283733,32.60718168491141,92300.00000000001,78810.60349179115,0.05752913832453887
80,rigid,43849.502728472005,0.0,2.29508631856487,20.91633442172929,92300.00000000001,77395.4295312994,0.0
80,compliant,41276.016137220315,11744.255938519273,2.4013520546894824,30.56208612114716,92300.00000000001,78589.94030289548,0.05208212804866817
81,rigid,43886.05145903831,0.0,2.307058987345613,20.83916916077922,92300.00000000001,77375.88770301914,0.0
81,compliant,41364.64472926345,11941.424563315708,2.395704521378491,30.408446225164454,92300.00000000001,78421.94560653636,0.05818022777605474
82,rigid,43932.970938873215,0.0,2.3232937074492384,20.737319155845086,92300.00000000001,77349.68250754433,0.0
82,compliant,41358.594671252125,12067.69259860171,2.3950992381127207,30.182733091154432,92300.00000000001,78334.01596787298,0.06605338233959394
83,rigid,46306.12846415266,0.0,2.3271217911678264,21.706910213844083,92300.00000000001,77648.49435120726,0.0
83,compliant,41754.26614521962,11144.835747836947,2.356600961744732,32.30439900106654,92300.00000000001,78971.60481220431,0.054847756812531234
84,rigid,46264.04373080904,0.0,2.32656800400315,21.693892930720153,92300.00000000001,77643.69201510207,0.0
84,compliant,41714.094757422616,11068.800952023554,2.3617414503881378,32.30366246241047,92300.00000000001,78974.11085950184,0.05630759657860307
85,rigid,43770.690234687354,0.0,2.2719617958792355,21.05689657460107,92300.00000000001,77434.11761132607,0.0
85,compliant,41516.17392039328,11732.233294474576,2.39346713997503,30.872393396836827,92300.00000000001,78610.59271940988,0.05787261555475196
86,rigid,46561.83992605244,0.0,2.329694454462242,21.789909030020283,92300.00000000001,77680.01247077374,0.0
86,compliant,41679.02059891938,10925.733805452857,2.357077446967935,32.50546536456045,92300.00000000001,79107.33857419153,0.053589513078204545
87,rigid,44946.55640077249,0.0,2.295191761175488,21.3822539547364,92300.00000000001,77535.68865001609,0.0
87,compliant,41662.66415640607,11238.533565747979,2.3894851385170455,31.61073240832249,92300.00000000001,78969.70362138432,0.057442151277446535
88,rigid,44540.78722094788,0.0,2.282987218150481,21.300830697348886,92300.00000000001,77509.67719744591,0.0
88,compliant,41525.104192266175,11575.746373469567,2.37075712756274,31.408735941326768,92300.00000000001,78364.6677130841,0.05524827937253665
89,rigid,43834.074672341456,0.0,2.290415447657608,20.94522067538867,92300.00000000001,77403.06115754417,0.0
89,compliant,41343.20589638003,11839.777759479672,2.394881710507889,30.62160971825807,92300.00000000001,78441.84728395705,0.056077728611304466
90,rigid,44916.0063900052,0.0,2.2943177050338477,21.37583508060007,92300.00000000001,77533.62639634228,0.0
90,compliant,41531.36108464952,11353.838966050878,2.375934333611326,31.61077118119846,92300.00000000001,78614.42298191102,0.05740459569486925
91,rigid,43805.552870658066,0.0,2.2818868001698434,20.997791749000584,92300.00000000001,77417.28172110923,0.0
91,compliant,41515.09931937923,11859.692912720664,2.387271224354606,30.765556663630917,92300.00000000001,78414.6537446915,0.0643263082956776
92,rigid,46120.074280381246,0.0,2.324243363260109,21.651896452941003,92300.00000000001,77628.50824942214,0.0
92,compliant,41600.311634490135,11472.241529190647,2.339166180509949,32.174018220086,92300.00000000001,78531.9801970521,0.06013574239327973
93,rigid,43903.97935448162,0.0,2.313182685723234,20.80107908328071,92300.00000000001,77365.97566182245,0.0
93,compliant,41178.971536614976,11846.561948406088,2.3992126355532832,30.311603970967298,92300.00000000001,78193.19169228018,0.05765015486826765
94,rigid,45622.80160791034,0.0,2.313522057852083,21.52686805628838,92300.00000000001,77584.35279138832,0.0
94,compliant,41556.999769969196,11479.489565636923,2.357244623407439,31.89090379488391,92300.00000000001,78626.74167543036,0.0546592548548723
95,rigid,47043.07130412554,0.0,2.324429546384465,22.008734092060138,92300.00000000001,77765.74859214257,0.0
95,compliant,41710.69279522697,11046.800707484754,2.3113232904689767,32.956793685927295,92300.00000000001,78931.57597371511,0.056279938008014715
96,rigid,43741.29045479685,0.0,2.2635826464600655,21.106058637363674,92300.00000000001,77448.72347847882,0.0
96,compliant,41515.002478589755,11771.340820586865,2.38298395742288,30.992750483232612,92300.00000000001,78447.05791278614,0.06169642638424238
97,rigid,46246.64264119543,0.0,2.326287900836462,21.688843634095008,92300.00000000001,77641.83660165207,0.0
97,compliant,41770.33460120686,11112.755738855636,2.3617495628373035,32.27961213690091,92300.00000000001,78994.11712413805,0.05463240140612887
98,rigid,44910.1670130102,0.0,2.294151062178969,21.37461308741348,92300.00000000001,77533.23162426085,0.0
98,compliant,41489.040392566516,11430.59564256956,2.373801395625435,31.59806460973607,92300.00000000001,78590.08299774776,0.056432361328175445
99,rigid,46780.542007984994,0.0,2.329537869512251,21.87345820362475,92300.00000000001,77713.21777676999,0.0
99,compliant,41689.68345515602,11178.121929946368,2.3239034174266635,32.651053673962025,92300.00000000001,78867.99541991652,0.05603362743820251
100,rigid,46638.963296947964,0.0,2.329943648655103,21.817823518566,92300.00000000001,77690.93113938611,0.0
100,compliant,41766.35500015452,11208.113777485298,2.3333204445615934,32.54678320907459,92300.00000000001,78827.0986633504,0.059246872630837555
101,rigid,44099.2535789739,0.0,2.268976850865613,21.215166895619376,92300.00000000001,77483.21591378776,0.0
101,compliant,41440.25656731876,11496.81903321408,2.3864439129714583,31.24698300634134,92300.00000000001,78664.8260073992,0.054757136987389494
102,rigid,43965.31792442499,0.0,2.335785059742534,20.65577903506656,92300.00000000001,77329.34014225204,0.0
102,compliant,41048.32443940028,11923.997528621632,2.403177285842844,29.999138897306068,92300.00000000001,78432.7109691266,0.05601375003457011
103,rigid,43877.38123810486,0.0,2.304122530267705,20.85850312494844,92300.00000000001,77380.66502262982,0.0
103,compliant,41347.01114197351,11814.521746770335,2.4011120923706244,30.460805021795608,92300.00000000001,78582.08188296799,0.0583342606435763
104,rigid,43965.53384507554,0.0,2.2645922516661017,21.191850933243444,92300.00000000001,77475.59447599763,0.0
104,compliant,41478.77892430114,11331.289477365,2.400987037772495,31.2143369548634,92300.00000000001,78886.17645117597,0.05805279929497339
105,rigid,46734.4263467999,0.0,2.3297541350413553,21.854948094264017,92300.00000000001,77705.7461882975,0.0
105,compliant,41755.36058980291,11135.7991694038,2.3218196570029477,32.605159350945115,92300.00000000001,78871.10329723785,0.052491924969878
106,rigid,46157.03701651129,0.0,2.3248675641888212,21.66251635990517,92300.00000000001,77632.31824857724,0.0
106,compliant,41597.2550541307,11084.119097076325,2.3609393891944706,32.23198577328816,92300.00000000001,78915.70052424775,0.056339142244099756
107,rigid,46930.02460896316,0.0,2.3274769547234087,21.943511066469654,92300.00000000001,77740.8962894988,0.0
107,compliant,41606.68137684025,11107.053672562744,2.3136513036877773,32.813600470008595,92300.00000000001,78858.22833928755,0.055173500218125
108,rigid,43720.7277945884,0.0,2.2581513710248373,21.136893005183367,92300.00000000001,77458.18622653774,0.0
108,compliant,41461.32683503397,11703.923476139968,2.3853902195414207,31.041955175047633,92300.00000000001,78530.89879030756,0.055975799192424194
109,rigid,43851.13596565908,0.0,2.29553541793706,20.91360012296917,92300.00000000001,77394.71455255267,0.0
109,compliant,41516.44153254869,11958.037732466384,2.389953771182036,30.578290721009893,92300.00000000001,78367.02944376919,0.06287661472324747
110,rigid,44828.597589212244,0.0,2.291736576389951,21.358103042183075,92300.00000000001,77527.90489891074,0.0
110,compliant,41597.78223151316,11215.283686444489,2.392429440816329,31.57717631174137,92300.00000000001,78940.87667939474,0.05776488325912564
111,rigid,47038.818912005976,0.0,2.324627891397995,22.005750069021815,92300.00000000001,77764.59247882997,0.0
111,compliant,41737.8486268825,10710.561303676022,2.342372105174036,32.96932317239245,92300.00000000001,79314.1935279053,0.053585786132904586
112,rigid,45609.565131820935,0.0,2.3132185618940184,21.52360265458063,92300.00000000001,77583.25130555595,0.0
112,compliant,41731.92312205122,11442.12453049886,2.3612707180925554,31.896871089818063,92300.00000000001,78717.38518392203,0.06051806471898852
113,rigid,43759.64104793957,0.0,2.2688403577540157,21.075281138659506,92300.00000000001,77439.5021917701,0.0
113,compliant,41481.287067655736,11559.410077828288,2.399101611474748,30.94007309242278,92300.00000000001,78745.86229228353,0.0590010108992238
114,rigid,46826.48530038432,0.0,2.329131446790143,21.89299798968733,92300.00000000001,77721.14750852772,0.0
114,compliant,41558.2050763528,11054.022491925405,2.3283146229107388,32.734224896520516,92300.00000000001,78883.64540029656,0.0542137679650943
115,rigid,46113.636140768416,0.0,2.324126253476777,21.650076980765704,92300.00000000001,77627.86488524324,0.0
115,compliant,41673.712188373036,11353.760488423477,2.3441916725350893,32.18598546696552,92300.00000000001,78636.07397805185,0.05657075876936845
116,rigid,46802.045535220626,0.0,2.329299228833861,21.88291244979311,92300.00000000001,77717.05319181451,0.0
116,compliant,41578.67104520522,11152.79973058862,2.3210549707565065,32.66599059745752,92300.00000000001,78874.19020791823,0.05202737181421773
117,rigid,43893.57233021947,0.0,2.309662965652933,20.822775491777406,92300.00000000001,77371.64761724128,0.0
117,compliant,41222.47640560787,11859.46704568772,2.3979864438650793,30.38552230729448,92300.00000000001,78325.75715778966,0.05979330881763144
118,rigid,43954.58222803769,0.0,2.331749881766939,20.68213932652833,92300.00000000001,77335.86887037702,0.0
118,compliant,41023.58798110644,11991.291177007957,2.404777465552968,30.0401647961111,92300.00000000001,78228.51922241523,0.056654489707543346
119,rigid,43849.831680760384,0.0,2.2951738603950957,20.915808605175698,92300.00000000001,77395.2905696507,0.0
119,compliant,41328.80333863225,11789.37297868519,2.3959706719226688,30.581488084822865,92300.00000000001,78513.8881653503,0.058328650323083306
120,rigid,43943.47815562668,0.0,2.3272194325876967,20.712101389469893,92300.00000000001,77343.33152766545,0.0
120,compliant,41396.03412348217,11953.467291416046,2.3939272700717424,30.164841093146094,92300.00000000001,78647.10700423857,0.058644320746614416
121,rigid,44413.94516862015,0.0,2.2789987516320025,21.276085717480527,92300.00000000001,77501.96754872205,0.0
121,compliant,41558.42613607763,11521.861780445155,2.3836239560024524,31.366611668392267,92300.00000000001,78696.9332267007,0.059037302758111726
122,rigid,43874.67314066511,0.0,2.3033873190458394,20.862957326011184,92300.00000000001,77381.79485892344,0.0
122,compliant,41417.57858241702,11913.91890766659,2.3935394499775953,30.474295446265472,92300.00000000001,78383.77522009246,0.05967510366623462
123,rigid,45507.68234236419,0.0,2.3106543656848544,21.500990493824105,92300.00000000001,77575.3389630474,0.0
123,compliant,41637.23257384456,11354.628724943324,2.367126210340132,31.86321643102474,92300.00000000001,78753.89409627473,0.056146417573131095
124,rigid,44499.871265099886,0.0,2.2816913118325033,21.29292754621534,92300.00000000001,77507.20466446495,0.0
124,compliant,41593.67580507124,11462.28228728704,2.380142518192315,31.426655410194655,92300.00000000001,78610.88424456787,0.05601306604612676
125,rigid,44151.594068652725,0.0,2.270641193865174,21.22518762105807,92300.00000000001,77486.33366918136,0.0
125,compliant,41607.34255230209,11568.561705772669,2.3867512971508518,31.263344869154963,92300.00000000001,78701.42998146395,0.058730447711725885
126,rigid,44190.97302308155,0.0,2.271937356396677,21.232615228942308,92300.00000000001,77488.57390350389,0.0
126,compliant,41495.60193545871,11539.427647545434,2.3828449239391603,31.287242103761713,92300.00000000001,78598.4193077744,0.05556593003593529
127,rigid,43732.69358094489,0.0,2.2613548765531277,21.118609107907417,92300.00000000001,77452.56425890376,0.0
127,compliant,41435.655149983075,11585.742377426592,2.3872353849778847,31.038953671129747,92300.00000000001,78459.13261919233,0.057919134033320864
128,rigid,43884.32595038816,0.0,2.3065997326406205,20.84200364631917,92300.00000000001,77376.58242912994,0.0
128,compliant,41431.946782678955,11994.81456559416,2.3939201964076346,30.41353860461743,92300.00000000001,78311.87825901542,0.06151354584802802
129,rigid,45569.1718100227,0.0,2.312189149002279,21.514772128520804,92300.00000000001,77580.13816813628,0.0
129,compliant,41642.41407828597,11137.35637317328,2.3814030641042336,31.899885316951128,92300.00000000001,79007.890930004,0.05475553134243927
130,rigid,44128.56592476828,0.0,2.2699105298361815,21.220616790685398,92300.00000000001,77484.9587004484,0.0
130,compliant,41435.969983538904,11497.898196169064,2.382711882262413,31.26315775399732,92300.00000000001,78487.29681604242,0.05750193971516808
131,rigid,44788.480877224625,0.0,2.2905271535177008,21.35012920994913,92300.00000000001,77525.33529318696,0.0
131,compliant,41567.33190741667,11549.262044694708,2.371764209081846,31.520277964646624,92300.00000000001,78598.48805867934,0.05503206315246207
132,rigid,46276.676397316274,0.0,2.326775687243753,21.697505292050295,92300.00000000001,77645.02134981024,0.0
132,compliant,41798.03500843454,10914.791211555625,2.3730944135367054,32.30901035682513,92300.00000000001,79189.58937187253,0.05673607988666224
133,rigid,43792.02562040891,0.0,2.2781314640764663,21.020220963576293,92300.00000000001,77423.54670643782,0.0
133,compliant,41315.28037440021,11643.873395873035,2.3955122757851086,30.825670931912896,92300.00000000001,78508.18659610064,0.05790138567856028
134,rigid,43723.10268042952,0.0,2.258942573168042,21.132262918163974,92300.00000000001,77456.72607612945,0.0
134,compliant,41324.907562716704,11681.863229952794,2.3868864758666746,31.04719531560127,92300.00000000001,78261.67211398334,0.058861070778544994
135,rigid,43844.84342000791,0.0,2.2938472860201387,20.92378220975894,92300.00000000001,77397.38931019552,0.0
135,compliant,41305.51998541734,11658.766883936496,2.4045901231327775,30.585978274723715,92300.00000000001,78702.9522690835,0.05436480447798885
136,rigid,46470.09286774907,0.0,2.3290473083249594,21.758744166309583,92300.00000000001,77667.95498621152,0.0
136,compliant,41198.17646930902,11697.052631218277,2.336836174530447,32.38792400461506,92300.00000000001,78423.80446152066,0.054866596040959635
137,rigid,45210.11119491745,0.0,2.3027264607711118,21.43684619831393,92300.00000000001,77553.57903952412,0.0
137,compliant,41610.36680283721,11555.139039181504,2.3615180804289935,31.710835829359183,92300.00000000001,78510.03555063914,0.057458125319912005
138,rigid,47025.30133432987,0.0,2.324955987283431,21.998279620680478,92300.00000000001,77761.70698929897,0.0
138,compliant,41537.28700155952,11203.50596366742,2.300416789880046,32.91532366727512,92300.00000000001,78789.61552783025,0.053876009608570335
139,rigid,46623.21129307562,0.0,2.329837979415572,21.812522473706423,92300.00000000001,77688.84627852046,0.0
139,compliant,41605.46295455341,11162.642063240984,2.333390827953849,32.524604277752616,92300.00000000001,78863.24203687914,0.05282790902470503
140,rigid,43881.90921107432,0.0,2.3054408112501505,20.850058375690253,92300.00000000001,77378.57959640629,0.0
140,compliant,41195.17691486982,11670.234843378363,2.404967050161531,30.43392779191612,92300.00000000001,78675.6064664412,0.05477942174867007
141,rigid,44402.166882383244,0.0,2.278642505171206,21.273692935875403,92300.00000000001,77501.21642519381,0.0
141,compliant,41279.35694264078,11533.262959894584,2.3784623114199803,31.336993083295823,92300.00000000001,78249.70544712512,0.054572419347940805
142,rigid,46592.192511163805,0.0,2.3297976476128497,21.800908418158514,92300.00000000001,77684.30011657339,0.0
142,compliant,41712.54440836961,11227.683390808083,2.3333443820019397,32.49244422680067,92300.00000000001,78834.685808533,0.05665961209684845
143,rigid,44888.8359935101,0.0,2.293525255195277,21.370437614339693,92300.00000000001,77531.82570507156,0.0
143,compliant,41625.59613966007,11496.715712987687,2.374848938676962,31.572661491695555,92300.00000000001,78681.36506397366,0.05952411584269448
144,rigid,43920.19554626386,0.0,2.318905274836368,20.765167647673422,92300.00000000001,77356.71793615942,0.0
144,compliant,41301.71896828794,11872.918581572352,2.4018513281912988,30.267076152855907,92300.00000000001,78469.37334157169,0.05466611564903496
145,rigid,44493.642164585726,0.0,2.2815042222297848,21.29158479532478,92300.00000000001,77506.79793551133,0.0
145,compliant,41474.92599333404,11622.683932261622,2.3751993607288,31.384104979431896,92300.00000000001,78529.81997890459,0.055295292064054154
146,rigid,43766.596474942344,0.0,2.2705878409175853,21.06545316731993,92300.00000000001,77436.56782574674,0.0
146,compliant,41441.743259321294,11739.17737471754,2.390853760378832,30.902432625131212,92300.00000000001,78521.83662585405,0.05869177403907634
147,rigid,45519.293830035815,0.0,2.3109619004862907,21.50346336315718,92300.00000000001,77576.19987549525,0.0
147,compliant,41539.7737046273,11465.099847925396,2.3495911791389403,31.845943434682738,92300.00000000001,78365.90923288256,0.060294829658789545
148,rigid,43781.23866765127,0.0,2.2750059187906686,21.038947128771184,92300.00000000001,77428.87388244232,0.0
148,compliant,41516.54867176605,11724.482843132835,2.392397727281491,30.859832244984432,92300.00000000001,78570.29960824744,0.05896615587337339
149,rigid,46822.07669895829,0.0,2.329187590221977,21.891005440652947,92300.00000000001,77720.33705407394,0.0
149,compliant,41496.048413661556,11418.02283317407,2.307961367917869,32.6939647612607,92300.00000000001,78527.6939528563,0.06112562467937884
150,rigid,43827.8552025582,0.0,2.28848291025065,20.95739120987227,92300.00000000001,77406.30193233432,0.0
150,compliant,41303.592437549705,11617.473238245257,2.398091244054399,30.69575860047368,92300.00000000001,78549.91856973027,0.056358956126088926
151,rigid,43857.72067688132,0.0,2.297789886524356,20.898938207938983,92300.00000000001,77390.9672012434,0.0
151,compliant,41485.95113498581,11944.54285324607,2.39171149334436,30.541395058586943,92300.00000000001,78427.9349246317,0.06362781331194393
152,rigid,45571.859228855676,0.0,2.3122616614882077,21.515294455917484,92300.00000000001,77580.3352093188,0.0
152,compliant,41697.93659951705,11476.957276454426,2.355211617250518,31.897140414160475,92300.00000000001,78561.65689009357,0.05931376301262906
153,rigid,43896.84610114517,0.0,2.310565342602956,20.81744545305841,92300.00000000001,77370.24924229422,0.0
153,compliant,41366.93680150547,11952.946413863732,2.3991795630308275,30.362405117730418,92300.00000000001,78430.17471795794,0.06032514167218424
154,rigid,43734.126389622914,0.0,2.261943893215175,21.115039759178103,92300.00000000001,77451.43631785913,0.0
154,compliant,41406.81325236884,11806.080729753081,2.3833975709349033,30.99746279030117,92300.00000000001,78342.81989542826,0.059160926329483936
155,rigid,47013.718229303064,0.0,2.3254083768538862,21.990681988144473,92300.00000000001,77758.7859690244,0.0
155,compliant,41560.70697046732,11106.507776797109,2.3082202657837456,32.92001194032508,92300.00000000001,78854.7943988875,0.05402113249997657
156,rigid,46735.89658668685,0.0,2.329727854643238,21.85566471798964,92300.00000000001,77706.03597223478,0.0
156,compliant,41436.97397259864,11323.113555737327,2.314579758414311,32.61317891693676,92300.00000000001,78540.39706429391,0.05570458146075209
157,rigid,44062.2697316253,0.0,2.2677540498955295,21.208766353448027,92300.00000000001,77481.12780224139,0.0
157,compliant,41428.1337236563,11251.869221229268,2.4025939458824155,31.24608682059113,92300.00000000001,78978.65350131947,0.05189033736297737
158,rigid,43715.20458641466,0.0,2.2566214287093658,21.145698486248108,92300.00000000001,77460.90982758178,0.0
158,compliant,41375.72445691794,11616.338900204642,2.3874081356554484,31.087627470051075,92300.00000000001,78506.33034576112,0.05540164622819136
159,rigid,46323.21645280227,0.0,2.3274125265875227,21.711731283381454,92300.00000000001,77650.27967382265,0.0
159,compliant,41533.884747657896,11344.452129359097,2.33534090504952,32.28917073341606,92300.00000000001,78649.19547888264,0.05218285183679833
160,rigid,44070.26570790585,0.0,2.268020232758488,21.210247861468844,92300.00000000001,77481.57101365543,0.0
160,compliant,41602.65457585741,11645.2047884399,2.384986643897321,31.215721105035755,92300.00000000001,78637.00341131596,0.06076513429697773
161,rigid,46269.47725998395,0.0,2.3266602952247126,21.69543559792251,92300.00000000001,77644.25967005084,0.0
161,compliant,41613.56816180561,11261.782670928384,2.340107060160449,32.28934145103631,92300.00000000001,78609.19668576172,0.05812105754538332
162,rigid,43919.72637459586,0.0,2.2631100522564793,21.183499037745293,92300.00000000001,77472.94222831486,0.0
162,compliant,41627.71060113292,11531.302845298402,2.3922941608943233,31.179791956919075,92300.00000000001,78756.4264739156,0.06411188220789579
163,rigid,46996.4870938211,0.0,2.325833057796899,21.98103506127748,92300.00000000001,77755.09854265668,0.0
163,compliant,41735.87273072012,10905.46798857188,2.3295640649985785,32.898903964862114,92300.00000000001,79135.91186592229,0.05406845465848214
164,rigid,45288.61558310088,0.0,2.304881309119935,21.453507017844487,92300.00000000001,77559.14117417601,0.0
164,compliant,41742.44615612275,11293.980063370638,2.3789824863341664,31.780889890389403,92300.00000000001,78845.70797060852,0.059937974717842714
165,rigid,46644.14095364199,0.0,2.329957255793772,21.81970742492311,92300.00000000001,77691.67520822848,0.0
165,compliant,41715.293631360415,11256.212803357008,2.330182859979402,32.547009248920034,92300.00000000001,78790.33143015657,0.059231932843445724
166,rigid,43867.01108153646,0.0,2.3007991277007704,20.87970511829448,92300.00000000001,77386.05195368962,0.0
166,compliant,41242.37330832501,11722.413237534152,2.401211840536348,30.5064875568643,92300.00000000001,78585.10602855367,0.056999695410347447
167,rigid,43884.019372943854,0.0,2.3063942940015636,20.84342033180718,92300.00000000001,77376.95036884562,0.0
167,compliant,41416.68782768136,11915.291013150454,2.3954601998391922,30.435655647370226,92300.00000000001,78446.83471278359,0.059641838827597694
168,rigid,43924.387176663535,0.0,2.320165468871096,20.757333677210823,92300.00000000001,77354.75932669088,0.0
168,compliant,41259.38806008499,11650.294090129635,2.3971082984392638,30.266631147092255,92300.00000000001,78901.91373144489,0.0642867219061201
169,rigid,47062.70618338272,0.0,2.323834314470105,22.020328114635277,92300.00000000001,77770.25856109247,0.0
169,compliant,41285.81277037935,11366.4036010595,2.292995404529222,32.95123799372976,92300.00000000001,78626.4719218971,0.050048339915165434
170,rigid,46642.91726576098,0.0,2.3299333798949533,21.819398956850193,92300.00000000001,77691.55584066163,0.0
170,compliant,41701.441501186346,11236.27814377228,2.329914806562101,32.52685962378092,92300.00000000001,78826.6378807036,0.055277618096702646
171,rigid,44467.01152590437,0.0,2.2806938577238043,21.28615152370807,92300.00000000001,77505.12661947345,0.0
171,compliant,41435.58596316973,11527.36302626964,2.3787037237192976,31.393551941464153,92300.00000000001,78576.32873202013,0.05260473657511726
172,rigid,46739.89579388565,0.0,2.329733225803807,21.857115895501664,92300.00000000001,77706.62033953173,0.0
172,compliant,41700.53067913868,11032.22128925662,2.3355239039104276,32.663322284041385,92300.00000000001,78915.38356315342,0.06039494792216487
173,rigid,45167.316717140246,0.0,2.301523154395227,21.427936320666447,92300.00000000001,77550.62200039347,0.0
173,compliant,41714.611299550146,11504.394568525857,2.3694937010479293,31.694235663602853,92300.00000000001,78680.14647754298,0.06223462316375721
174,rigid,43829.318800430075,0.0,2.2601266260061266,21.167646615237032,92300.00000000001,77467.87537737709,0.0
174,compliant,41434.61098918577,11627.477844501353,2.383607255426057,31.129966708039774,92300.00000000001,78515.17705663436,0.05730199612345131
175,rigid,43952.07636772472,0.0,2.3306119716061744,20.68978874307743,92300.00000000001,77337.76896738379,0.0
175,compliant,41055.32038218362,11696.804200486777,2.4085237615659025,30.106876053222578,92300.00000000001,78712.62253446685,0.055046143341906224
176,rigid,43811.16273458365,0.0,2.2834041052583984,20.988739173467877,92300.00000000001,77414.79676113391,0.0
176,compliant,41247.66296310355,11236.470097629566,2.415947581698788,30.775256739204963,92300.00000000001,78974.15055174261,0.06198014294436995
177,rigid,45663.51561708417,0.0,2.3145364720640487,21.53571183487466,92300.00000000001,77587.55773402606,0.0
177,compliant,41684.197364485575,11175.052517712043,2.375362859025131,31.957753303693295,92300.00000000001,78927.4612814843,0.05645079096259799
178,rigid,43819.677515128606,0.0,2.285922290353767,20.973450056351908,92300.00000000001,77410.59933006635,0.0
178,compliant,41312.8791783227,11789.367793715433,2.3937950001227932,30.71262258011481,92300.00000000001,78303.06606552987,0.060207202474609686
179,rigid,45816.84429940263,0.0,2.318093870917039,21.571277950340544,92300.00000000001,77600.36029422685,0.0
179,compliant,41489.94610502663,11481.481886862495,2.348616844618846,32.00324857116129,92300.00000000001,78486.21374224975,0.05474864977386653
180,rigid,43907.072565666684,0.0,2.3140021698308146,20.796271226402638,92300.00000000001,77364.73091536827,0.0
180,compliant,41123.704061977056,11693.583539832192,2.4038087950959266,30.347358852264307,92300.00000000001,78550.76561994568,0.05615238686585815
181,rigid,44294.02727931471,0.0,2.2752320685744962,21.252547346180847,92300.00000000001,77494.6728181591,0.0
181,compliant,41568.732956602704,11565.80435497904,2.381167108184002,31.326026959008118,92300.00000000001,78615.55952276956,0.05715128321631777
182,rigid,46828.14276400302,0.0,2.329102437827487,21.893780601392706,92300.00000000001,77721.46636628851,0.0
182,compliant,41691.60680004445,10900.36721294385,2.342837182752419,32.74260639422698,92300.00000000001,79047.44116855923,0.05857478162939195
183,rigid,46704.8096494669,0.0,2.32985982161847,21.84323152696669,92300.00000000001,77701.02839582149,0.0
183,compliant,41684.57291291631,11142.256822155472,2.331183653291305,32.60460055729939,92300.00000000001,78859.08103230163,0.05663292524012345
184,rigid,46551.992202156645,0.0,2.3296152740039133,21.786654464969473,92300.00000000001,77678.74165841556,0.0
184,compliant,41476.30995625414,11295.706374446818,2.3280273369751967,32.462518732281694,92300.00000000001,78672.61462483022,0.05184990173567111
185,rigid,45668.408909061596,0.0,2.31465526780903,21.536804636091688,92300.00000000001,77587.94745200631,0.0
185,compliant,41724.907925787935,11507.273331202134,2.3494673639469283,31.938907923218068,92300.00000000001,78466.40647090404,0.06149116205428322
186,rigid,43764.73330622422,0.0,2.270045795343549,21.068531831223282,92300.00000000001,77437.51374852435,0.0
186,compliant,41424.98223216301,11795.484974320783,2.3829154128592904,30.899203515131433,92300.00000000001,78314.38961569549,0.05954408485071494
187,rigid,43879.2461815032,0.0,2.3046072380549276,20.85548590713117,92300.00000000001,77379.92028938145,0.0
187,compliant,41315.87318642019,11867.48848114424,2.395904559834946,30.449921131486008,92300.00000000001,78466.33562088403,0.05899819990761817
188,rigid,46435.82435392018,0.0,2.3287272478194154,21.74742392823086,92300.00000000001,77663.65931879292,0.0
188,compliant,41641.97401096659,11375.203588900866,2.329139206929142,32.372915500996726,92300.00000000001,78594.01352571322,0.05868412782229043
189,rigid,44630.26140860745,0.0,2.2857424485388833,21.318463900958562,92300.00000000001,77515.25994284681,0.0
189,compliant,41549.065111705306,11592.250680379744,2.3707400347199723,31.45466123200606,92300.00000000001,78449.68570844247,0.05596831865075774
190,rigid,43754.40093989391,0.0,2.2671834042624823,21.085230303292548,92300.00000000001,77442.44805681845,0.0
190,compliant,41616.00098182501,11828.198946839271,2.383250152008145,30.947410716038377,92300.00000000001,78453.94979411419,0.06610421595029542
191,rigid,47073.63246252889,0.0,2.3234381613493156,22.027175564730584,92300.00000000001,77772.944364129,0.0
191,compliant,41790.1102137816,10835.78265151276,2.3306192524707967,33.00783945837881,92300.00000000001,79173.97575041332,0.059154745280190664
192,rigid,44699.21573686136,0.0,2.2878314453133726,21.332278470915185,92300.00000000001,77519.63644304597,0.0
192,compliant,41429.872519075034,11532.14070019011,2.3698126117405423,31.472728445570482,92300.00000000001,78302.52654031412,0.058343263384484964
193,rigid,46479.196695198705,0.0,2.3291302140212338,21.76173157650274,92300.00000000001,77669.09676170486,0.0
193,compliant,41414.02983652316,11427.996546183876,2.327090402074589,32.397122298569315,92300.00000000001,78489.66241773363,0.05559593433436691
194,rigid,45547.22062643487,0.0,2.3116537079595787,21.5097398152883,92300.00000000001,77578.39364601945,0.0
194,compliant,41618.14185341638,11451.157660421166,2.356991116852953,31.88733671332804,92300.00000000001,78560.73281662926,0.060048390053769655
195,rigid,46964.18008897918,0.0,2.3267472927612403,21.962106470392712,92300.00000000001,77747.89849746962,0.0
195,compliant,41599.14940312759,11266.50415321884,2.2971012815392555,32.85707125402752,92300.00000000001,78607.89753850285,0.061838037685809394
196,rigid,46873.1803354016,0.0,2.328491145260159,21.913995857781373,92300.00000000001,77729.78302479794,0.0
196,compliant,41764.29628223316,11029.210172692297,2.3275930020762985,32.7839722547788,92300.00000000001,78955.57953953483,0.05922013750455686
197,rigid,44355.14257602019,0.0,2.2771685069976684,21.264436231735715,92300.00000000001,77498.35725013555,0.0
197,compliant,41646.84897963669,11433.164528556561,2.3886323631229516,31.381420422568823,92300.00000000001,78765.37246151095,0.05959860558201497
198,rigid,43968.70696473379,0.0,2.3375731236292268,20.64347320867219,92300.00000000001,77326.31691276228,0.0
198,compliant,41116.056919020004,11881.876285476756,2.4025635795568405,30.002362603933108,92300.00000000001,78514.90651301882,0.059333910104129334
199,rigid,44092.043598218064,0.0,2.2687421364178704,21.21391306895282,92300.00000000001,77482.79931389325,0.0
199,compliant,41657.84585993444,11525.872280438685,2.383685599077751,31.26514857898482,92300.00000000001,78625.1855656086,0.06480231430234364
200,rigid,45755.76412846367,0.0,2.316695171644085,21.557125857812707,92300.00000000001,77595.1866452273,0.0
200,compliant,41786.72875327496,11191.095788974137,2.3750812920071667,31.99717991926167,92300.00000000001,78929.07946570167,0.0633847848439637
201,rigid,46318.76095845126,0.0,2.327343578366026,21.710430248323462,92300.00000000001,77649.79699044196,0.0
201,compliant,41643.66383842449,11285.510642072179,2.341699445541792,32.29967420746911,92300.00000000001,78761.67075329614,0.055380540715042594
202,rigid,46858.22034223334,0.0,2.3287299309819787,21.90705741905512,92300.00000000001,77726.92575715734,0.0
202,compliant,41669.696699233995,11120.266859987943,2.3223055526372605,32.73223950747658,92300.00000000001,78903.75467083034,0.05229474844744942
203,rigid,43820.71466376053,0.0,2.2862224897846772,20.97162377194195,92300.00000000001,77410.1033252096,0.0
203,compliant,41342.97808241485,11574.92425222568,2.401792537403878,30.72956628687632,92300.00000000001,78692.75223567862,0.05705159474864871
204,rigid,46884.62928395066,0.0,2.328349762103926,21.919342734856485,92300.00000000001,77731.85033989762,0.0
204,compliant,41617.934194983245,11074.146569249027,2.3207468610884803,32.78542504446759,92300.00000000001,78879.75795321894,0.05448798057470408
205,rigid,46342.3675515859,0.0,2.3276569873054314,21.717700450566923,92300.00000000001,77652.4928700886,0.0
205,compliant,41773.10907937436,11249.78365651268,2.344822947273542,32.32927779946601,92300.00000000001,78780.17149990381,0.0637171296319556
206,rigid,46275.66704852583,0.0,2.3267604192799354,21.697207334100625,92300.00000000001,77644.91156549728,0.0
206,compliant,41628.352683091165,11082.913666019635,2.3587870140870564,32.30699897163154,92300.00000000001,78930.59507881412,0.05464100920641922
207,rigid,44091.00859447591,0.0,2.2687082496471476,21.213734332432523,92300.00000000001,77482.73990906267,0.0
207,compliant,41680.94017170932,11533.482209937783,2.3899119628891867,31.260758252217272,92300.00000000001,78714.88187271482,0.06558308005071324
208,rigid,46487.5577845363,0.0,2.3291781158731624,21.76466124904053,92300.00000000001,77670.21908365971,0.0
208,compliant,41572.53795844058,11264.231505083326,2.332797630376035,32.43065323626317,92300.00000000001,78673.05724789633,0.05778474336372871
209,rigid,47046.7238224445,0.0,2.3242556023362226,22.01131810465739,92300.00000000001,77766.7510503044,0.0
209,compliant,41556.14435669389,11033.033375926234,2.308089694009823,32.95919270262769,92300.00000000001,78927.07693149935,0.0531665662977214
210,rigid,46790.28797426658,0.0,2.3294898094967493,21.877371669597068,92300.00000000001,77714.80561425626,0.0
210,compliant,41718.313676212194,11036.498270475993,2.335867780000342,32.67116268955107,92300.00000000001,79024.22082928098,0.054571110019371774
211,rigid,43823.614282024064,0.0,2.287267582283789,20.964750879814687,92300.00000000001,77408.29284834319,0.0
211,compliant,41482.41272189126,11724.4296301478,2.3942835240818,30.71260015715015,92300.00000000001,78535.01124359066,0.059295338765300507
212,rigid,44101.33186283559,0.0,2.2690443115504877,21.215529630268776,92300.00000000001,77483.33654276564,0.0
212,compliant,41481.86288422216,11467.974611723357,2.385899529775827,31.267285446391895,92300.00000000001,78578.26634263976,0.058923861491794356
213,rigid,46423.83702973192,0.0,2.328607571161797,21.743536142854936,92300.00000000001,77662.17897426161,0.0
213,compliant,41770.55032762862,11327.463721614751,2.3368399911114466,32.37447487616407,92300.00000000001,78704.61121734587,0.05819325814910246
214,rigid,45074.87296191221,0.0,2.29892441584326,21.40864978054276,92300.00000000001,77544.2401143941,0.0
214,compliant,41722.78048951867,11287.925159524439,2.386091768220467,31.680386440363748,92300.00000000001,78887.23741150445,0.06180944611752411
215,rigid,45378.48516022821,0.0,2.307303783263876,21.472836710180587,92300.00000000001,77565.64862044594,0.0
215,compliant,41635.2865301053,11300.736796400699,2.371698557867944,31.81787063517757,92300.00000000001,78770.82289823776,0.0578136953407337
216,rigid,43918.530107477454,0.0,2.318025521620598,20.7708578724733,92300.00000000001,77358.22129363814,0.0
216,compliant,41333.470801376825,12028.606259368886,2.393842012672053,30.25569804413115,92300.00000000001,78275.96755601928,0.06334991241224215
217,rigid,46402.47527845197,0.0,2.328316347714633,21.737089326044185,92300.00000000001,77659.73900339953,0.0
217,compliant,41640.96044798274,11033.724270593351,2.355507639916425,32.38883574833005,92300.00000000001,78957.82939876497,0.05705886720127793
218,rigid,44631.4768767943,0.0,2.2857799298868713,21.31870268380692,92300.00000000001,77515.33558313096,0.0
218,compliant,41599.90828978026,11566.735563835464,2.3734105867545168,31.465866157480832,92300.00000000001,78557.02545922223,0.05809700657555551
219,rigid,45992.18584539748,0.0,2.321820145990614,21.616587394064112,92300.00000000001,77616.0916575029,0.0
219,compliant,41701.626080579896,11194.98768926375,2.3611972129237415,32.131636334786606,92300.00000000001,78845.79222153175,0.05836686146420621
220,rigid,43760.84171443486,0.0,2.2691019841144,21.073860788564872,92300.00000000001,77439.07270163707,0.0
220,compliant,41437.264304292745,11427.727303340343,2.405731131564437,30.946422486802987,92300.00000000001,78866.0945976835,0.05883524790887496
221,rigid,46029.1990841035,0.0,2.3225002123424474,21.626959865168033,92300.00000000001,77619.7179038144,0.0
221,compliant,41457.94903079061,11301.723960982363,2.34986960280753,32.13520675466495,92300.00000000001,78622.01738547692,0.053564419248692284
222,rigid,44436.586929374,0.0,2.2797247745079403,21.280277807479138,92300.00000000001,77503.30391279221,0.0
222,compliant,41594.828222910764,11673.398552509849,2.3706050248606516,31.368330444648876,92300.00000000001,78369.693845348,0.060265166416288055
223,rigid,44802.868644430695,0.0,2.290970215130301,21.352883681512992,92300.00000000001,77526.2340334349,0.0
223,compliant,41637.35985801773,11287.883784252806,2.392102660004923,31.552601758649217,92300.00000000001,78927.6523206227,0.05774212726593522
224,rigid,44814.84661866894,0.0,2.2913322322100385,21.355268547322737,92300.00000000001,77526.99988599292,0.0
224,compliant,41617.06314019548,11323.855539346549,2.3874516719821486,31.550739558524526,92300.00000000001,78863.23653813997,0.059981468836209875
225,rigid,44370.26151088911,0.0,2.2776511858786535,21.26729164463609,92300.00000000001,77499.2530470638,0.0
225,compliant,41358.1719886283,11512.081195223545,2.3748638283338437,31.326900346483825,92300.00000000001,78274.90800604972,0.054535424295657706
226,rigid,45667.34089254826,0.0,2.3146296338962884,21.536561388582157,92300.00000000001,77587.8613968467,0.0
226,compliant,41766.46311878498,11244.422570631134,2.368260584593372,31.972570113209258,92300.00000000001,78823.50172132123,0.06195961603845197
227,rigid,46325.741740193145,0.0,2.327450631809029,21.712476602970156,92300.00000000001,77650.55613406241,0.0
227,compliant,41714.81972972051,11065.920852347812,2.3582208214097022,32.3396595763347,92300.00000000001,78968.47423272202,0.05618439325353122
228,rigid,47062.66790989307,0.0,2.323836083670585,22.020301540637178,92300.00000000001,77770.24793639459,0.0
228,compliant,41874.112512195694,11076.732069317652,2.302323495475605,32.981244206415596,92300.00000000001,78895.13791304639,0.06137637310057459
229,rigid,46625.761897856704,0.0,2.3298457114677262,21.813446240819417,92300.00000000001,77689.2088446274,0.0
229,compliant,41610.77696092079,11291.335865338202,2.3250860715672275,32.5261313322286,92300.00000000001,78679.95841821836,0.05512266195650102
230,rigid,43737.879390077585,0.0,2.262762041169367,21.110745995313238,92300.00000000001,77450.10548504621,0.0
230,compliant,41340.449124565064,11543.593690983118,2.3930175814916197,31.02254838964538,92300.00000000001,78585.05126499863,0.05533656285816315
231,rigid,43729.395808626905,0.0,2.260363091297222,21.124424200024777,92300.00000000001,77454.35405844724,0.0
231,compliant,41444.36103588747,11571.210942607566,2.3907251368549396,31.049401910890595,92300.00000000001,78612.62914869621,0.05622835359363355
232,rigid,43959.98574912885,0.0,2.33378965069943,20.668853480403413,92300.00000000001,77332.56865649259,0.0
232,compliant,41146.66317017988,11834.402906527277,2.406605649748087,30.05599706908211,92300.00000000001,78628.94537785175,0.0566804731408036
233,rigid,43959.794387982656,0.0,2.3336684396773535,20.669696717298223,92300.00000000001,77332.7803037918,0.0
233,compliant,41216.7529639522,12058.00011794387,2.3997971834138525,30.018151919994096,92300.00000000001,78352.07989782203,0.062287079781087815
234,rigid,46817.825853268936,0.0,2.329224717399029,21.889197892473106,92300.00000000001,77719.60287423187,0.0
234,compliant,41684.703143482846,11208.562379512965,2.3189715998594806,32.684396331556826,92300.00000000001,78812.34036582222,0.05496153748752694
235,rigid,46183.349441619874,0.0,2.3253159277820146,21.67008785446302,92300.00000000001,77635.03115902342,0.0
235,compliant,41659.5818096291,11347.070546549548,2.3439932320711705,32.21201101620963,92300.00000000001,78701.38054384108,0.05733422716868136
236,rigid,43944.98736336654,0.0,2.328110874659785,20.705950453930967,92300.00000000001,77341.78442710011,0.0
236,compliant,41390.5531496132,12101.248967627354,2.394349766311109,30.118480969655423,92300.00000000001,78373.69846800789,0.06390650314897989
237,rigid,46545.40187762915,0.0,2.329545832272288,21.78460862108747,92300.00000000001,77677.93195893362,0.0
237,compliant,41753.57978613699,11059.174355642534,2.351316325858761,32.48823175901035,92300.00000000001,79001.41261915413,0.0565882634308552
238,rigid,44539.12478367876,0.0,2.2829348054590923,21.30051245362614,92300.00000000001,77509.5767607409,0.0
238,compliant,41413.20869317299,11626.845157596032,2.37270493964013,31.39589286144823,92300.00000000001,78320.17017966873,0.055301019461822254
239,rigid,46904.00032312833,0.0,2.327999325221981,21.92949637407321,92300.00000000001,77735.65569873172,0.0
239,compliant,41664.934127708104,11022.970199280515,2.32251428470056,32.81750107267845,92300.00000000001,78868.83783358574,0.05638338159528108
240,rigid,43926.218400279016,0.0,2.3207719084022074,20.753577888944534,92300.00000000001,77353.79585137048,0.0
240,compliant,41119.17847263059,11634.986913875056,2.408775276781512,30.26000974216464,92300.00000000001,78720.40326762409,0.05808017092014839
241,rigid,43927.85894073789,0.0,2.3214732772999582,20.748923367646256,92300.00000000001,77352.61917886138,0.0
241,compliant,41378.01389655679,11981.058134819565,2.3911516493893714,30.194215355409398,92300.00000000001,78499.26549296932,0.05653965652636697
242,rigid,43887.39195688772,0.0,2.262037819578211,21.17782963864201,92300.00000000001,77471.14347085693,0.0
242,compliant,41480.67246304994,11234.387074879749,2.405839995131487,31.19796208913266,92300.00000000001,78940.66132072684,0.0621412722446094
243,rigid,43958.499556706076,0.0,2.264350000526406,21.190668605789227,92300.00000000001,77475.21702072502,0.0
243,compliant,41718.683667167716,11621.381764723801,2.383472784692458,31.18959158798637,92300.00000000001,78706.94831734638,0.06357062376248392
244,rigid,43876.12369261417,0.0,2.303812455251773,20.86036359814142,92300.00000000001,77381.13303494896,0.0
244,compliant,41355.444906101366,11588.856386677262,2.4037538821845033,30.484092357584927,92300.00000000001,78859.88131585218,0.059974638363258094
245,rigid,43724.496336367636,0.0,2.259229755410786,21.13072473483581,92300.00000000001,77456.2542025639,0.0
245,compliant,41588.17339787922,11607.24602783856,2.391056788285141,31.074069118516434,92300.00000000001,78642.297041833,0.06030350583359059
246,rigid,46794.69445885635,0.0,2.329436669238362,21.87931433712464,92300.00000000001,77715.59333059684,0.0
246,compliant,41605.61073618678,11143.657460418706,2.3204870157521214,32.690389120282305,92300.00000000001,78756.20792453646,0.055124845157765986
247,rigid,44437.472156541975,0.0,2.2797534804444126,21.280441865279272,92300.00000000001,77503.35521753832,0.0
247,compliant,41541.79870604537,11628.509221606535,2.372133176201203,31.375640603689106,92300.00000000001,78397.43094818518,0.058940363636545985
248,rigid,43905.89994941663,0.0,2.3136768044233804,20.79823939580217,92300.00000000001,77365.2390041639,0.0
248,compliant,41312.17503756609,11871.741395224193,2.4011654346962246,30.32799895628625,92300.00000000001,78551.7074400134,0.06006599335916929
249,rigid,45470.20170878449,0.0,2.3096929597191433,21.49277419666558,92300.00000000001,77572.48923475589,0.0
249,compliant,41520.00678175781,11435.277367637285,2.360923820877929,31.83267528350075,92300.00000000001,78624.9291618423,0.05300175458551451
